3090	SRX032588	SRR074544	ftp://ftp-trace.ncbi.nih.gov//sra/sra-instant/reads/ByExp/sra/SRX/SRX032/SRX032588/SRR074544
3090	SRX032588	SRR074545	ftp://ftp-trace.ncbi.nih.gov//sra/sra-instant/reads/ByExp/sra/SRX/SRX032/SRX032588/SRR074545
3090	SRX032588	SRR074546	ftp://ftp-trace.ncbi.nih.gov//sra/sra-instant/reads/ByExp/sra/SRX/SRX032/SRX032588/SRR074546
3090	SRX014466	SRR031733	ftp://ftp-trace.ncbi.nih.gov//sra/sra-instant/reads/ByExp/sra/SRX/SRX014/SRX014466/SRR031733
3090	SRX014466	SRR031732	ftp://ftp-trace.ncbi.nih.gov//sra/sra-instant/reads/ByExp/sra/SRX/SRX014/SRX014466/SRR031732
3095	SRX032569	SRR074515	ftp://ftp-trace.ncbi.nih.gov//sra/sra-instant/reads/ByExp/sra/SRX/SRX032/SRX032569/SRR074515
3095	SRX032570	SRR074516	ftp://ftp-trace.ncbi.nih.gov//sra/sra-instant/reads/ByExp/sra/SRX/SRX032/SRX032570/SRR074516
3112	SRX014472	SRR031745	ftp://ftp-trace.ncbi.nih.gov//sra/sra-instant/reads/ByExp/sra/SRX/SRX014/SRX014472/SRR031745
3112	SRX032494	SRR074420	ftp://ftp-trace.ncbi.nih.gov//sra/sra-instant/reads/ByExp/sra/SRX/SRX032/SRX032494/SRR074420
3112	SRX014472	SRR031744	ftp://ftp-trace.ncbi.nih.gov//sra/sra-instant/reads/ByExp/sra/SRX/SRX014/SRX014472/SRR031744
3112	SRX032522	SRR074451	ftp://ftp-trace.ncbi.nih.gov//sra/sra-instant/reads/ByExp/sra/SRX/SRX032/SRX032522/SRR074451
3112	SRX032522	SRR074452	ftp://ftp-trace.ncbi.nih.gov//sra/sra-instant/reads/ByExp/sra/SRX/SRX032/SRX032522/SRR074452
3262	SRX029197	SRR070270	ftp://ftp-trace.ncbi.nih.gov//sra/sra-instant/reads/ByExp/sra/SRX/SRX029/SRX029197/SRR070270
3262	SRX029198	SRR070262	ftp://ftp-trace.ncbi.nih.gov//sra/sra-instant/reads/ByExp/sra/SRX/SRX029/SRX029198/SRR070262
3329	SRX033026	SRR077257	ftp://ftp-trace.ncbi.nih.gov//sra/sra-instant/reads/ByExp/sra/SRX/SRX033/SRX033026/SRR077257
3475	SRX029206	SRR070267	ftp://ftp-trace.ncbi.nih.gov//sra/sra-instant/reads/ByExp/sra/SRX/SRX029/SRX029206/SRR070267
3475	SRX045353	SRR111871	ftp://ftp-trace.ncbi.nih.gov//sra/sra-instant/reads/ByExp/sra/SRX/SRX045/SRX045353/SRR111871
3487	SRX029217	SRR070279	ftp://ftp-trace.ncbi.nih.gov//sra/sra-instant/reads/ByExp/sra/SRX/SRX029/SRX029217/SRR070279
3487	SRX029215	SRR070266	ftp://ftp-trace.ncbi.nih.gov//sra/sra-instant/reads/ByExp/sra/SRX/SRX029/SRX029215/SRR070266
3487	SRX047232	SRR124149	ftp://ftp-trace.ncbi.nih.gov//sra/sra-instant/reads/ByExp/sra/SRX/SRX047/SRX047232/SRR124149
3492	SRX029196	SRR070258	ftp://ftp-trace.ncbi.nih.gov//sra/sra-instant/reads/ByExp/sra/SRX/SRX029/SRX029196/SRR070258
3492	SRX045354	SRR111869	ftp://ftp-trace.ncbi.nih.gov//sra/sra-instant/reads/ByExp/sra/SRX/SRX045/SRX045354/SRR111869
3492	SRX045354	SRR189833	ftp://ftp-trace.ncbi.nih.gov//sra/sra-instant/reads/ByExp/sra/SRX/SRX045/SRX045354/SRR189833
3494	SRX029218	SRR070259	ftp://ftp-trace.ncbi.nih.gov//sra/sra-instant/reads/ByExp/sra/SRX/SRX029/SRX029218/SRR070259
3494	SRX045351	SRR189835	ftp://ftp-trace.ncbi.nih.gov//sra/sra-instant/reads/ByExp/sra/SRX/SRX045/SRX045351/SRR189835
3494	SRX045351	SRR189834	ftp://ftp-trace.ncbi.nih.gov//sra/sra-instant/reads/ByExp/sra/SRX/SRX045/SRX045351/SRR189834
3494	SRX045351	SRR111872	ftp://ftp-trace.ncbi.nih.gov//sra/sra-instant/reads/ByExp/sra/SRX/SRX045/SRX045351/SRR111872
3515	SRX047446	SRR124256	ftp://ftp-trace.ncbi.nih.gov//sra/sra-instant/reads/ByExp/sra/SRX/SRX047/SRX047446/SRR124256
3515	SRX047446	SRR124257	ftp://ftp-trace.ncbi.nih.gov//sra/sra-instant/reads/ByExp/sra/SRX/SRX047/SRX047446/SRR124257
3515	SRX047446	SRR124255	ftp://ftp-trace.ncbi.nih.gov//sra/sra-instant/reads/ByExp/sra/SRX/SRX047/SRX047446/SRR124255
3516	SRX036882	SRR089302	ftp://ftp-trace.ncbi.nih.gov//sra/sra-instant/reads/ByExp/sra/SRX/SRX036/SRX036882/SRR089302
3516	SRX036882	SRR089304	ftp://ftp-trace.ncbi.nih.gov//sra/sra-instant/reads/ByExp/sra/SRX/SRX036/SRX036882/SRR089304
3516	SRX036882	SRR089303	ftp://ftp-trace.ncbi.nih.gov//sra/sra-instant/reads/ByExp/sra/SRX/SRX036/SRX036882/SRR089303
3517	SRX035162	SRR085467	ftp://ftp-trace.ncbi.nih.gov//sra/sra-instant/reads/ByExp/sra/SRX/SRX035/SRX035162/SRR085467
3517	SRX035162	SRR085466	ftp://ftp-trace.ncbi.nih.gov//sra/sra-instant/reads/ByExp/sra/SRX/SRX035/SRX035162/SRR085466
3517	SRX047635	SRR085465	ftp://ftp-trace.ncbi.nih.gov//sra/sra-instant/reads/ByExp/sra/SRX/SRX047/SRX047635/SRR085465
3518	SRX047470	SRR124275	ftp://ftp-trace.ncbi.nih.gov//sra/sra-instant/reads/ByExp/sra/SRX/SRX047/SRX047470/SRR124275
3518	SRX047470	SRR124276	ftp://ftp-trace.ncbi.nih.gov//sra/sra-instant/reads/ByExp/sra/SRX/SRX047/SRX047470/SRR124276
3519	SRX036969	SRR089358	ftp://ftp-trace.ncbi.nih.gov//sra/sra-instant/reads/ByExp/sra/SRX/SRX036/SRX036969/SRR089358
3519	SRX036969	SRR089359	ftp://ftp-trace.ncbi.nih.gov//sra/sra-instant/reads/ByExp/sra/SRX/SRX036/SRX036969/SRR089359
3519	SRX036969	SRR089360	ftp://ftp-trace.ncbi.nih.gov//sra/sra-instant/reads/ByExp/sra/SRX/SRX036/SRX036969/SRR089360
3520	SRX037198	SRR125491	ftp://ftp-trace.ncbi.nih.gov//sra/sra-instant/reads/ByExp/sra/SRX/SRX037/SRX037198/SRR125491
3520	SRX037197	SRR089795	ftp://ftp-trace.ncbi.nih.gov//sra/sra-instant/reads/ByExp/sra/SRX/SRX037/SRX037197/SRR089795
3521	SRX049744	SRR137925	ftp://ftp-trace.ncbi.nih.gov//sra/sra-instant/reads/ByExp/sra/SRX/SRX049/SRX049744/SRR137925
3522	SRX037200	SRR089799	ftp://ftp-trace.ncbi.nih.gov//sra/sra-instant/reads/ByExp/sra/SRX/SRX037/SRX037200/SRR089799
3523	SRX047469	SRR124273	ftp://ftp-trace.ncbi.nih.gov//sra/sra-instant/reads/ByExp/sra/SRX/SRX047/SRX047469/SRR124273
3523	SRX047469	SRR124274	ftp://ftp-trace.ncbi.nih.gov//sra/sra-instant/reads/ByExp/sra/SRX/SRX047/SRX047469/SRR124274
3524	SRX049745	SRR137926	ftp://ftp-trace.ncbi.nih.gov//sra/sra-instant/reads/ByExp/sra/SRX/SRX049/SRX049745/SRR137926
3526	SRX037197	SRR089795	ftp://ftp-trace.ncbi.nih.gov//sra/sra-instant/reads/ByExp/sra/SRX/SRX037/SRX037197/SRR089795
3526	SRX037197	SRR089796	ftp://ftp-trace.ncbi.nih.gov//sra/sra-instant/reads/ByExp/sra/SRX/SRX037/SRX037197/SRR089796
3527	SRX037288	SRR089823	ftp://ftp-trace.ncbi.nih.gov//sra/sra-instant/reads/ByExp/sra/SRX/SRX037/SRX037288/SRR089823
3527	SRX037288	SRR089821	ftp://ftp-trace.ncbi.nih.gov//sra/sra-instant/reads/ByExp/sra/SRX/SRX037/SRX037288/SRR089821
3527	SRX037288	SRR089822	ftp://ftp-trace.ncbi.nih.gov//sra/sra-instant/reads/ByExp/sra/SRX/SRX037/SRX037288/SRR089822
3528	SRX047653	SRR125338	ftp://ftp-trace.ncbi.nih.gov//sra/sra-instant/reads/ByExp/sra/SRX/SRX047/SRX047653/SRR125338
3528	SRX047653	SRR125339	ftp://ftp-trace.ncbi.nih.gov//sra/sra-instant/reads/ByExp/sra/SRX/SRX047/SRX047653/SRR125339
3528	SRX047653	SRR125337	ftp://ftp-trace.ncbi.nih.gov//sra/sra-instant/reads/ByExp/sra/SRX/SRX047/SRX047653/SRR125337
3529	SRX036881	SRR089405	ftp://ftp-trace.ncbi.nih.gov//sra/sra-instant/reads/ByExp/sra/SRX/SRX036/SRX036881/SRR089405
3529	SRX036881	SRR089406	ftp://ftp-trace.ncbi.nih.gov//sra/sra-instant/reads/ByExp/sra/SRX/SRX036/SRX036881/SRR089406
3529	SRX036881	SRR089407	ftp://ftp-trace.ncbi.nih.gov//sra/sra-instant/reads/ByExp/sra/SRX/SRX036/SRX036881/SRR089407
3530	SRX049268	SRR136597	ftp://ftp-trace.ncbi.nih.gov//sra/sra-instant/reads/ByExp/sra/SRX/SRX049/SRX049268/SRR136597
3531	SRX049270	SRR136599	ftp://ftp-trace.ncbi.nih.gov//sra/sra-instant/reads/ByExp/sra/SRX/SRX049/SRX049270/SRR136599
3532	SRX047787	SRR125482	ftp://ftp-trace.ncbi.nih.gov//sra/sra-instant/reads/ByExp/sra/SRX/SRX047/SRX047787/SRR125482
3532	SRX047787	SRR125481	ftp://ftp-trace.ncbi.nih.gov//sra/sra-instant/reads/ByExp/sra/SRX/SRX047/SRX047787/SRR125481
3533	SRX036967	SRR089354	ftp://ftp-trace.ncbi.nih.gov//sra/sra-instant/reads/ByExp/sra/SRX/SRX036/SRX036967/SRR089354
3533	SRX036967	SRR089353	ftp://ftp-trace.ncbi.nih.gov//sra/sra-instant/reads/ByExp/sra/SRX/SRX036/SRX036967/SRR089353
3533	SRX036967	SRR089352	ftp://ftp-trace.ncbi.nih.gov//sra/sra-instant/reads/ByExp/sra/SRX/SRX036/SRX036967/SRR089352
3534	SRX036970	SRR089361	ftp://ftp-trace.ncbi.nih.gov//sra/sra-instant/reads/ByExp/sra/SRX/SRX036/SRX036970/SRR089361
3534	SRX036970	SRR089363	ftp://ftp-trace.ncbi.nih.gov//sra/sra-instant/reads/ByExp/sra/SRX/SRX036/SRX036970/SRR089363
3534	SRX036970	SRR089362	ftp://ftp-trace.ncbi.nih.gov//sra/sra-instant/reads/ByExp/sra/SRX/SRX036/SRX036970/SRR089362
3535	SRX049269	SRR136598	ftp://ftp-trace.ncbi.nih.gov//sra/sra-instant/reads/ByExp/sra/SRX/SRX049/SRX049269/SRR136598
3608	SRX054466	SRR166814	ftp://ftp-trace.ncbi.nih.gov//sra/sra-instant/reads/ByExp/sra/SRX/SRX054/SRX054466/SRR166814
3608	SRX054465	SRR166813	ftp://ftp-trace.ncbi.nih.gov//sra/sra-instant/reads/ByExp/sra/SRX/SRX054/SRX054465/SRR166813
3609	SRX054464	SRR166812	ftp://ftp-trace.ncbi.nih.gov//sra/sra-instant/reads/ByExp/sra/SRX/SRX054/SRX054464/SRR166812
3609	SRX054463	SRR166811	ftp://ftp-trace.ncbi.nih.gov//sra/sra-instant/reads/ByExp/sra/SRX/SRX054/SRX054463/SRR166811
3610	SRX054487	SRR166835	ftp://ftp-trace.ncbi.nih.gov//sra/sra-instant/reads/ByExp/sra/SRX/SRX054/SRX054487/SRR166835
3610	SRX054486	SRR166834	ftp://ftp-trace.ncbi.nih.gov//sra/sra-instant/reads/ByExp/sra/SRX/SRX054/SRX054486/SRR166834
3611	SRX054484	SRR166832	ftp://ftp-trace.ncbi.nih.gov//sra/sra-instant/reads/ByExp/sra/SRX/SRX054/SRX054484/SRR166832
3611	SRX054485	SRR166833	ftp://ftp-trace.ncbi.nih.gov//sra/sra-instant/reads/ByExp/sra/SRX/SRX054/SRX054485/SRR166833
3613	SRX054488	SRR166836	ftp://ftp-trace.ncbi.nih.gov//sra/sra-instant/reads/ByExp/sra/SRX/SRX054/SRX054488/SRR166836
3613	SRX054489	SRR166837	ftp://ftp-trace.ncbi.nih.gov//sra/sra-instant/reads/ByExp/sra/SRX/SRX054/SRX054489/SRR166837
3615	SRX054472	SRR166820	ftp://ftp-trace.ncbi.nih.gov//sra/sra-instant/reads/ByExp/sra/SRX/SRX054/SRX054472/SRR166820
3615	SRX054473	SRR166821	ftp://ftp-trace.ncbi.nih.gov//sra/sra-instant/reads/ByExp/sra/SRX/SRX054/SRX054473/SRR166821
3617	SRX054476	SRR166824	ftp://ftp-trace.ncbi.nih.gov//sra/sra-instant/reads/ByExp/sra/SRX/SRX054/SRX054476/SRR166824
3617	SRX054477	SRR166825	ftp://ftp-trace.ncbi.nih.gov//sra/sra-instant/reads/ByExp/sra/SRX/SRX054/SRX054477/SRR166825
3620	SRX054482	SRR166830	ftp://ftp-trace.ncbi.nih.gov//sra/sra-instant/reads/ByExp/sra/SRX/SRX054/SRX054482/SRR166830
3620	SRX054483	SRR166831	ftp://ftp-trace.ncbi.nih.gov//sra/sra-instant/reads/ByExp/sra/SRX/SRX054/SRX054483/SRR166831
3621	SRX054481	SRR166829	ftp://ftp-trace.ncbi.nih.gov//sra/sra-instant/reads/ByExp/sra/SRX/SRX054/SRX054481/SRR166829
3621	SRX054480	SRR166828	ftp://ftp-trace.ncbi.nih.gov//sra/sra-instant/reads/ByExp/sra/SRX/SRX054/SRX054480/SRR166828
3622	SRX054468	SRR166816	ftp://ftp-trace.ncbi.nih.gov//sra/sra-instant/reads/ByExp/sra/SRX/SRX054/SRX054468/SRR166816
3622	SRX054467	SRR166815	ftp://ftp-trace.ncbi.nih.gov//sra/sra-instant/reads/ByExp/sra/SRX/SRX054/SRX054467/SRR166815
3623	SRX054469	SRR166817	ftp://ftp-trace.ncbi.nih.gov//sra/sra-instant/reads/ByExp/sra/SRX/SRX054/SRX054469/SRR166817
3623	SRX054470	SRR166818	ftp://ftp-trace.ncbi.nih.gov//sra/sra-instant/reads/ByExp/sra/SRX/SRX054/SRX054470/SRR166818
3631	SRX054460	SRR166808	ftp://ftp-trace.ncbi.nih.gov//sra/sra-instant/reads/ByExp/sra/SRX/SRX054/SRX054460/SRR166808
3631	SRX054459	SRR166807	ftp://ftp-trace.ncbi.nih.gov//sra/sra-instant/reads/ByExp/sra/SRX/SRX054/SRX054459/SRR166807
3632	SRX054461	SRR166809	ftp://ftp-trace.ncbi.nih.gov//sra/sra-instant/reads/ByExp/sra/SRX/SRX054/SRX054461/SRR166809
3632	SRX054462	SRR166810	ftp://ftp-trace.ncbi.nih.gov//sra/sra-instant/reads/ByExp/sra/SRX/SRX054/SRX054462/SRR166810
3255	SRX029185	SRR070272	ftp://ftp-trace.ncbi.nih.gov//sra/sra-instant/reads/ByExp/sra/SRX/SRX029/SRX029185/SRR070272
3256	SRX029203	SRR070283	ftp://ftp-trace.ncbi.nih.gov//sra/sra-instant/reads/ByExp/sra/SRX/SRX029/SRX029203/SRR070283
3256	SRX029202	SRR070289	ftp://ftp-trace.ncbi.nih.gov//sra/sra-instant/reads/ByExp/sra/SRX/SRX029/SRX029202/SRR070289
3257	SRX029212	SRR070274	ftp://ftp-trace.ncbi.nih.gov//sra/sra-instant/reads/ByExp/sra/SRX/SRX029/SRX029212/SRR070274
3258	SRX029211	SRR070277	ftp://ftp-trace.ncbi.nih.gov//sra/sra-instant/reads/ByExp/sra/SRX/SRX029/SRX029211/SRR070277
3259	SRX029208	SRR070287	ftp://ftp-trace.ncbi.nih.gov//sra/sra-instant/reads/ByExp/sra/SRX/SRX029/SRX029208/SRR070287
3259	SRX029209	SRR070281	ftp://ftp-trace.ncbi.nih.gov//sra/sra-instant/reads/ByExp/sra/SRX/SRX029/SRX029209/SRR070281
3260	SRX029190	SRR070265	ftp://ftp-trace.ncbi.nih.gov//sra/sra-instant/reads/ByExp/sra/SRX/SRX029/SRX029190/SRR070265
3260	SRX029192	SRR070278	ftp://ftp-trace.ncbi.nih.gov//sra/sra-instant/reads/ByExp/sra/SRX/SRX029/SRX029192/SRR070278
3260	SRX029191	SRR070263	ftp://ftp-trace.ncbi.nih.gov//sra/sra-instant/reads/ByExp/sra/SRX/SRX029/SRX029191/SRR070263
3261	SRX029207	SRR070276	ftp://ftp-trace.ncbi.nih.gov//sra/sra-instant/reads/ByExp/sra/SRX/SRX029/SRX029207/SRR070276
3263	SRX029195	SRR070261	ftp://ftp-trace.ncbi.nih.gov//sra/sra-instant/reads/ByExp/sra/SRX/SRX029/SRX029195/SRR070261
3263	SRX029193	SRR070269	ftp://ftp-trace.ncbi.nih.gov//sra/sra-instant/reads/ByExp/sra/SRX/SRX029/SRX029193/SRR070269
3263	SRX029194	SRR070292	ftp://ftp-trace.ncbi.nih.gov//sra/sra-instant/reads/ByExp/sra/SRX/SRX029/SRX029194/SRR070292
3264	SRX029189	SRR070260	ftp://ftp-trace.ncbi.nih.gov//sra/sra-instant/reads/ByExp/sra/SRX/SRX029/SRX029189/SRR070260
3264	SRX029188	SRR070268	ftp://ftp-trace.ncbi.nih.gov//sra/sra-instant/reads/ByExp/sra/SRX/SRX029/SRX029188/SRR070268
3265	SRX029196	SRR070258	ftp://ftp-trace.ncbi.nih.gov//sra/sra-instant/reads/ByExp/sra/SRX/SRX029/SRX029196/SRR070258
3266	SRX029214	SRR070280	ftp://ftp-trace.ncbi.nih.gov//sra/sra-instant/reads/ByExp/sra/SRX/SRX029/SRX029214/SRR070280
3266	SRX029213	SRR070286	ftp://ftp-trace.ncbi.nih.gov//sra/sra-instant/reads/ByExp/sra/SRX/SRX029/SRX029213/SRR070286
3267	SRX029215	SRR070266	ftp://ftp-trace.ncbi.nih.gov//sra/sra-instant/reads/ByExp/sra/SRX/SRX029/SRX029215/SRR070266
3267	SRX029216	SRR070264	ftp://ftp-trace.ncbi.nih.gov//sra/sra-instant/reads/ByExp/sra/SRX/SRX029/SRX029216/SRR070264
3267	SRX029217	SRR070279	ftp://ftp-trace.ncbi.nih.gov//sra/sra-instant/reads/ByExp/sra/SRX/SRX029/SRX029217/SRR070279
3268	SRX029205	SRR070285	ftp://ftp-trace.ncbi.nih.gov//sra/sra-instant/reads/ByExp/sra/SRX/SRX029/SRX029205/SRR070285
3268	SRX029204	SRR070291	ftp://ftp-trace.ncbi.nih.gov//sra/sra-instant/reads/ByExp/sra/SRX/SRX029/SRX029204/SRR070291
3270	SRX029200	SRR070290	ftp://ftp-trace.ncbi.nih.gov//sra/sra-instant/reads/ByExp/sra/SRX/SRX029/SRX029200/SRR070290
3270	SRX029201	SRR070284	ftp://ftp-trace.ncbi.nih.gov//sra/sra-instant/reads/ByExp/sra/SRX/SRX029/SRX029201/SRR070284
3271	SRX029210	SRR070273	ftp://ftp-trace.ncbi.nih.gov//sra/sra-instant/reads/ByExp/sra/SRX/SRX029/SRX029210/SRR070273
3272	SRX029199	SRR070275	ftp://ftp-trace.ncbi.nih.gov//sra/sra-instant/reads/ByExp/sra/SRX/SRX029/SRX029199/SRR070275
3273	SRX029218	SRR070259	ftp://ftp-trace.ncbi.nih.gov//sra/sra-instant/reads/ByExp/sra/SRX/SRX029/SRX029218/SRR070259
3274	SRX029206	SRR070267	ftp://ftp-trace.ncbi.nih.gov//sra/sra-instant/reads/ByExp/sra/SRX/SRX029/SRX029206/SRR070267
3317	SRX033334	SRR080773	ftp://ftp-trace.ncbi.nih.gov//sra/sra-instant/reads/ByExp/sra/SRX/SRX033/SRX033334/SRR080773
3317	SRX033334	SRR080771	ftp://ftp-trace.ncbi.nih.gov//sra/sra-instant/reads/ByExp/sra/SRX/SRX033/SRX033334/SRR080771
2838	SRX008139	SRR027189	ftp://ftp-trace.ncbi.nih.gov/sra/sra-instant/reads/ByExp/sra/SRX/SRX008/SRX008139/SRR027189
2838	SRX008139	SRR027190	ftp://ftp-trace.ncbi.nih.gov/sra/sra-instant/reads/ByExp/sra/SRX/SRX008/SRX008139/SRR027190
2928	SRX015869	SRR034309	ftp://ftp-trace.ncbi.nih.gov/sra/sra-instant/reads/ByExp/sra/SRX/SRX015/SRX015869/SRR034309
2961	SRX014007	SRR031115	ftp://ftp-trace.ncbi.nih.gov/sra/sra-instant/reads/ByExp/sra/SRX/SRX014/SRX014007/SRR031115
2961	SRX014007	SRR031116	ftp://ftp-trace.ncbi.nih.gov/sra/sra-instant/reads/ByExp/sra/SRX/SRX014/SRX014007/SRR031116
3089	SRX014483	SRR031766	ftp://ftp-trace.ncbi.nih.gov/sra/sra-instant/reads/ByExp/sra/SRX/SRX014/SRX014483/SRR031766
3089	SRX014483	SRR031767	ftp://ftp-trace.ncbi.nih.gov/sra/sra-instant/reads/ByExp/sra/SRX/SRX014/SRX014483/SRR031767
3089	SRX032508	SRR074431	ftp://ftp-trace.ncbi.nih.gov/sra/sra-instant/reads/ByExp/sra/SRX/SRX032/SRX032508/SRR074431
3089	SRX032508	SRR074432	ftp://ftp-trace.ncbi.nih.gov/sra/sra-instant/reads/ByExp/sra/SRX/SRX032/SRX032508/SRR074432
3089	SRX032508	SRR074430	ftp://ftp-trace.ncbi.nih.gov/sra/sra-instant/reads/ByExp/sra/SRX/SRX032/SRX032508/SRR074430
3091	SRX032585	SRR074536	ftp://ftp-trace.ncbi.nih.gov/sra/sra-instant/reads/ByExp/sra/SRX/SRX032/SRX032585/SRR074536
3091	SRX032585	SRR074537	ftp://ftp-trace.ncbi.nih.gov/sra/sra-instant/reads/ByExp/sra/SRX/SRX032/SRX032585/SRR074537
3091	SRX032584	SRR074534	ftp://ftp-trace.ncbi.nih.gov/sra/sra-instant/reads/ByExp/sra/SRX/SRX032/SRX032584/SRR074534
3091	SRX032584	SRR074535	ftp://ftp-trace.ncbi.nih.gov/sra/sra-instant/reads/ByExp/sra/SRX/SRX032/SRX032584/SRR074535
3092	SRX032580	SRR074530	ftp://ftp-trace.ncbi.nih.gov/sra/sra-instant/reads/ByExp/sra/SRX/SRX032/SRX032580/SRR074530
3092	SRX032580	SRR074529	ftp://ftp-trace.ncbi.nih.gov/sra/sra-instant/reads/ByExp/sra/SRX/SRX032/SRX032580/SRR074529
3092	SRX032581	SRR074531	ftp://ftp-trace.ncbi.nih.gov/sra/sra-instant/reads/ByExp/sra/SRX/SRX032/SRX032581/SRR074531
3096	SRX032562	SRR074504	ftp://ftp-trace.ncbi.nih.gov/sra/sra-instant/reads/ByExp/sra/SRX/SRX032/SRX032562/SRR074504
3096	SRX032562	SRR074505	ftp://ftp-trace.ncbi.nih.gov/sra/sra-instant/reads/ByExp/sra/SRX/SRX032/SRX032562/SRR074505
3096	SRX032562	SRR074506	ftp://ftp-trace.ncbi.nih.gov/sra/sra-instant/reads/ByExp/sra/SRX/SRX032/SRX032562/SRR074506
3096	SRX032495	SRR074421	ftp://ftp-trace.ncbi.nih.gov/sra/sra-instant/reads/ByExp/sra/SRX/SRX032/SRX032495/SRR074421
3096	SRX014475	SRR031750	ftp://ftp-trace.ncbi.nih.gov/sra/sra-instant/reads/ByExp/sra/SRX/SRX014/SRX014475/SRR031750
3096	SRX014475	SRR031751	ftp://ftp-trace.ncbi.nih.gov/sra/sra-instant/reads/ByExp/sra/SRX/SRX014/SRX014475/SRR031751
3097	SRX032541	SRR074479	ftp://ftp-trace.ncbi.nih.gov/sra/sra-instant/reads/ByExp/sra/SRX/SRX032/SRX032541/SRR074479
3097	SRX032538	SRR074475	ftp://ftp-trace.ncbi.nih.gov/sra/sra-instant/reads/ByExp/sra/SRX/SRX032/SRX032538/SRR074475
3098	SRX032539	SRR074476	ftp://ftp-trace.ncbi.nih.gov/sra/sra-instant/reads/ByExp/sra/SRX/SRX032/SRX032539/SRR074476
3098	SRX032539	SRR074477	ftp://ftp-trace.ncbi.nih.gov/sra/sra-instant/reads/ByExp/sra/SRX/SRX032/SRX032539/SRR074477
3098	SRX032540	SRR074478	ftp://ftp-trace.ncbi.nih.gov/sra/sra-instant/reads/ByExp/sra/SRX/SRX032/SRX032540/SRR074478
3099	SRX032530	SRR074462	ftp://ftp-trace.ncbi.nih.gov/sra/sra-instant/reads/ByExp/sra/SRX/SRX032/SRX032530/SRR074462
3099	SRX014470	SRR031741	ftp://ftp-trace.ncbi.nih.gov/sra/sra-instant/reads/ByExp/sra/SRX/SRX014/SRX014470/SRR031741
3099	SRX014470	SRR031740	ftp://ftp-trace.ncbi.nih.gov/sra/sra-instant/reads/ByExp/sra/SRX/SRX014/SRX014470/SRR031740
3100	SRX032518	SRR074446	ftp://ftp-trace.ncbi.nih.gov/sra/sra-instant/reads/ByExp/sra/SRX/SRX032/SRX032518/SRR074446
3100	SRX032517	SRR074445	ftp://ftp-trace.ncbi.nih.gov/sra/sra-instant/reads/ByExp/sra/SRX/SRX032/SRX032517/SRR074445
3101	SRX014477	SRR031755	ftp://ftp-trace.ncbi.nih.gov/sra/sra-instant/reads/ByExp/sra/SRX/SRX014/SRX014477/SRR031755
3101	SRX014477	SRR031754	ftp://ftp-trace.ncbi.nih.gov/sra/sra-instant/reads/ByExp/sra/SRX/SRX014/SRX014477/SRR031754
3101	SRX032509	SRR074433	ftp://ftp-trace.ncbi.nih.gov/sra/sra-instant/reads/ByExp/sra/SRX/SRX032/SRX032509/SRR074433
3102	SRX032583	SRR074533	ftp://ftp-trace.ncbi.nih.gov/sra/sra-instant/reads/ByExp/sra/SRX/SRX032/SRX032583/SRR074533
3102	SRX032582	SRR074532	ftp://ftp-trace.ncbi.nih.gov/sra/sra-instant/reads/ByExp/sra/SRX/SRX032/SRX032582/SRR074532
3103	SRX032563	SRR074507	ftp://ftp-trace.ncbi.nih.gov/sra/sra-instant/reads/ByExp/sra/SRX/SRX032/SRX032563/SRR074507
3103	SRX032563	SRR074508	ftp://ftp-trace.ncbi.nih.gov/sra/sra-instant/reads/ByExp/sra/SRX/SRX032/SRX032563/SRR074508
3103	SRX014487	SRR031774	ftp://ftp-trace.ncbi.nih.gov/sra/sra-instant/reads/ByExp/sra/SRX/SRX014/SRX014487/SRR031774
3103	SRX014487	SRR031775	ftp://ftp-trace.ncbi.nih.gov/sra/sra-instant/reads/ByExp/sra/SRX/SRX014/SRX014487/SRR031775
3104	SRX032557	SRR074497	ftp://ftp-trace.ncbi.nih.gov/sra/sra-instant/reads/ByExp/sra/SRX/SRX032/SRX032557/SRR074497
3104	SRX032558	SRR074498	ftp://ftp-trace.ncbi.nih.gov/sra/sra-instant/reads/ByExp/sra/SRX/SRX032/SRX032558/SRR074498
3105	SRX014474	SRR031749	ftp://ftp-trace.ncbi.nih.gov/sra/sra-instant/reads/ByExp/sra/SRX/SRX014/SRX014474/SRR031749
3105	SRX014474	SRR031748	ftp://ftp-trace.ncbi.nih.gov/sra/sra-instant/reads/ByExp/sra/SRX/SRX014/SRX014474/SRR031748
3105	SRX032549	SRR074487	ftp://ftp-trace.ncbi.nih.gov/sra/sra-instant/reads/ByExp/sra/SRX/SRX032/SRX032549/SRR074487
3105	SRX032549	SRR074488	ftp://ftp-trace.ncbi.nih.gov/sra/sra-instant/reads/ByExp/sra/SRX/SRX032/SRX032549/SRR074488
3106	SRX032571	SRR074517	ftp://ftp-trace.ncbi.nih.gov/sra/sra-instant/reads/ByExp/sra/SRX/SRX032/SRX032571/SRR074517
3106	SRX032572	SRR074518	ftp://ftp-trace.ncbi.nih.gov/sra/sra-instant/reads/ByExp/sra/SRX/SRX032/SRX032572/SRR074518
3107	SRX032553	SRR074492	ftp://ftp-trace.ncbi.nih.gov/sra/sra-instant/reads/ByExp/sra/SRX/SRX032/SRX032553/SRR074492
3107	SRX032567	SRR074513	ftp://ftp-trace.ncbi.nih.gov/sra/sra-instant/reads/ByExp/sra/SRX/SRX032/SRX032567/SRR074513
3108	SRX032559	SRR074499	ftp://ftp-trace.ncbi.nih.gov/sra/sra-instant/reads/ByExp/sra/SRX/SRX032/SRX032559/SRR074499
3108	SRX032496	SRR074423	ftp://ftp-trace.ncbi.nih.gov/sra/sra-instant/reads/ByExp/sra/SRX/SRX032/SRX032496/SRR074423
3108	SRX032496	SRR074422	ftp://ftp-trace.ncbi.nih.gov/sra/sra-instant/reads/ByExp/sra/SRX/SRX032/SRX032496/SRR074422
3109	SRX032587	SRR074543	ftp://ftp-trace.ncbi.nih.gov/sra/sra-instant/reads/ByExp/sra/SRX/SRX032/SRX032587/SRR074543
3109	SRX032587	SRR074541	ftp://ftp-trace.ncbi.nih.gov/sra/sra-instant/reads/ByExp/sra/SRX/SRX032/SRX032587/SRR074541
3109	SRX032587	SRR074542	ftp://ftp-trace.ncbi.nih.gov/sra/sra-instant/reads/ByExp/sra/SRX/SRX032/SRX032587/SRR074542
3109	SRX032586	SRR074539	ftp://ftp-trace.ncbi.nih.gov/sra/sra-instant/reads/ByExp/sra/SRX/SRX032/SRX032586/SRR074539
3109	SRX032586	SRR074540	ftp://ftp-trace.ncbi.nih.gov/sra/sra-instant/reads/ByExp/sra/SRX/SRX032/SRX032586/SRR074540
3109	SRX032586	SRR074538	ftp://ftp-trace.ncbi.nih.gov/sra/sra-instant/reads/ByExp/sra/SRX/SRX032/SRX032586/SRR074538
3110	SRX032578	SRR074527	ftp://ftp-trace.ncbi.nih.gov/sra/sra-instant/reads/ByExp/sra/SRX/SRX032/SRX032578/SRR074527
3110	SRX032579	SRR074528	ftp://ftp-trace.ncbi.nih.gov/sra/sra-instant/reads/ByExp/sra/SRX/SRX032/SRX032579/SRR074528
3111	SRX032528	SRR074459	ftp://ftp-trace.ncbi.nih.gov/sra/sra-instant/reads/ByExp/sra/SRX/SRX032/SRX032528/SRR074459
3111	SRX014471	SRR031742	ftp://ftp-trace.ncbi.nih.gov/sra/sra-instant/reads/ByExp/sra/SRX/SRX014/SRX014471/SRR031742
3111	SRX014471	SRR031743	ftp://ftp-trace.ncbi.nih.gov/sra/sra-instant/reads/ByExp/sra/SRX/SRX014/SRX014471/SRR031743
3113	SRX032510	SRR074434	ftp://ftp-trace.ncbi.nih.gov/sra/sra-instant/reads/ByExp/sra/SRX/SRX032/SRX032510/SRR074434
3113	SRX032510	SRR074435	ftp://ftp-trace.ncbi.nih.gov/sra/sra-instant/reads/ByExp/sra/SRX/SRX032/SRX032510/SRR074435
3113	SRX032511	SRR074437	ftp://ftp-trace.ncbi.nih.gov/sra/sra-instant/reads/ByExp/sra/SRX/SRX032/SRX032511/SRR074437
3113	SRX032511	SRR074438	ftp://ftp-trace.ncbi.nih.gov/sra/sra-instant/reads/ByExp/sra/SRX/SRX032/SRX032511/SRR074438
3113	SRX032511	SRR074436	ftp://ftp-trace.ncbi.nih.gov/sra/sra-instant/reads/ByExp/sra/SRX/SRX032/SRX032511/SRR074436
3114	SRX032566	SRR074512	ftp://ftp-trace.ncbi.nih.gov/sra/sra-instant/reads/ByExp/sra/SRX/SRX032/SRX032566/SRR074512
3114	SRX032565	SRR074511	ftp://ftp-trace.ncbi.nih.gov/sra/sra-instant/reads/ByExp/sra/SRX/SRX032/SRX032565/SRR074511
3115	SRX032544	SRR074482	ftp://ftp-trace.ncbi.nih.gov/sra/sra-instant/reads/ByExp/sra/SRX/SRX032/SRX032544/SRR074482
3115	SRX032543	SRR074481	ftp://ftp-trace.ncbi.nih.gov/sra/sra-instant/reads/ByExp/sra/SRX/SRX032/SRX032543/SRR074481
3116	SRX032542	SRR074480	ftp://ftp-trace.ncbi.nih.gov/sra/sra-instant/reads/ByExp/sra/SRX/SRX032/SRX032542/SRR074480
3116	SRX032537	SRR074474	ftp://ftp-trace.ncbi.nih.gov/sra/sra-instant/reads/ByExp/sra/SRX/SRX032/SRX032537/SRR074474
3117	SRX032535	SRR074471	ftp://ftp-trace.ncbi.nih.gov/sra/sra-instant/reads/ByExp/sra/SRX/SRX032/SRX032535/SRR074471
3117	SRX032535	SRR074470	ftp://ftp-trace.ncbi.nih.gov/sra/sra-instant/reads/ByExp/sra/SRX/SRX032/SRX032535/SRR074470
3117	SRX014473	SRR031747	ftp://ftp-trace.ncbi.nih.gov/sra/sra-instant/reads/ByExp/sra/SRX/SRX014/SRX014473/SRR031747
3117	SRX014473	SRR031746	ftp://ftp-trace.ncbi.nih.gov/sra/sra-instant/reads/ByExp/sra/SRX/SRX014/SRX014473/SRR031746
3118	SRX032519	SRR074447	ftp://ftp-trace.ncbi.nih.gov/sra/sra-instant/reads/ByExp/sra/SRX/SRX032/SRX032519/SRR074447
3118	SRX032520	SRR074448	ftp://ftp-trace.ncbi.nih.gov/sra/sra-instant/reads/ByExp/sra/SRX/SRX032/SRX032520/SRR074448
3119	SRX032577	SRR074526	ftp://ftp-trace.ncbi.nih.gov/sra/sra-instant/reads/ByExp/sra/SRX/SRX032/SRX032577/SRR074526
3119	SRX032576	SRR074525	ftp://ftp-trace.ncbi.nih.gov/sra/sra-instant/reads/ByExp/sra/SRX/SRX032/SRX032576/SRR074525
3120	SRX014482	SRR031765	ftp://ftp-trace.ncbi.nih.gov/sra/sra-instant/reads/ByExp/sra/SRX/SRX014/SRX014482/SRR031765
3120	SRX014482	SRR031764	ftp://ftp-trace.ncbi.nih.gov/sra/sra-instant/reads/ByExp/sra/SRX/SRX014/SRX014482/SRR031764
3120	SRX032575	SRR074523	ftp://ftp-trace.ncbi.nih.gov/sra/sra-instant/reads/ByExp/sra/SRX/SRX032/SRX032575/SRR074523
3120	SRX032575	SRR074524	ftp://ftp-trace.ncbi.nih.gov/sra/sra-instant/reads/ByExp/sra/SRX/SRX032/SRX032575/SRR074524
3121	SRX032568	SRR074514	ftp://ftp-trace.ncbi.nih.gov/sra/sra-instant/reads/ByExp/sra/SRX/SRX032/SRX032568/SRR074514
3121	SRX032552	SRR074491	ftp://ftp-trace.ncbi.nih.gov/sra/sra-instant/reads/ByExp/sra/SRX/SRX032/SRX032552/SRR074491
3122	SRX032546	SRR074484	ftp://ftp-trace.ncbi.nih.gov/sra/sra-instant/reads/ByExp/sra/SRX/SRX032/SRX032546/SRR074484
3122	SRX032545	SRR074483	ftp://ftp-trace.ncbi.nih.gov/sra/sra-instant/reads/ByExp/sra/SRX/SRX032/SRX032545/SRR074483
3123	SRX032525	SRR074456	ftp://ftp-trace.ncbi.nih.gov/sra/sra-instant/reads/ByExp/sra/SRX/SRX032/SRX032525/SRR074456
3123	SRX032524	SRR074455	ftp://ftp-trace.ncbi.nih.gov/sra/sra-instant/reads/ByExp/sra/SRX/SRX032/SRX032524/SRR074455
3124	SRX014480	SRR031761	ftp://ftp-trace.ncbi.nih.gov/sra/sra-instant/reads/ByExp/sra/SRX/SRX014/SRX014480/SRR031761
3124	SRX014480	SRR031760	ftp://ftp-trace.ncbi.nih.gov/sra/sra-instant/reads/ByExp/sra/SRX/SRX014/SRX014480/SRR031760
3124	SRX032516	SRR074444	ftp://ftp-trace.ncbi.nih.gov/sra/sra-instant/reads/ByExp/sra/SRX/SRX032/SRX032516/SRR074444
3124	SRX032516	SRR074443	ftp://ftp-trace.ncbi.nih.gov/sra/sra-instant/reads/ByExp/sra/SRX/SRX032/SRX032516/SRR074443
3125	SRX014467	SRR031735	ftp://ftp-trace.ncbi.nih.gov/sra/sra-instant/reads/ByExp/sra/SRX/SRX014/SRX014467/SRR031735
3125	SRX014467	SRR031734	ftp://ftp-trace.ncbi.nih.gov/sra/sra-instant/reads/ByExp/sra/SRX/SRX014/SRX014467/SRR031734
3125	SRX032556	SRR074495	ftp://ftp-trace.ncbi.nih.gov/sra/sra-instant/reads/ByExp/sra/SRX/SRX032/SRX032556/SRR074495
3125	SRX032556	SRR074496	ftp://ftp-trace.ncbi.nih.gov/sra/sra-instant/reads/ByExp/sra/SRX/SRX032/SRX032556/SRR074496
3126	SRX032551	SRR074490	ftp://ftp-trace.ncbi.nih.gov/sra/sra-instant/reads/ByExp/sra/SRX/SRX032/SRX032551/SRR074490
3126	SRX032550	SRR074489	ftp://ftp-trace.ncbi.nih.gov/sra/sra-instant/reads/ByExp/sra/SRX/SRX032/SRX032550/SRR074489
3127	SRX032532	SRR074466	ftp://ftp-trace.ncbi.nih.gov/sra/sra-instant/reads/ByExp/sra/SRX/SRX032/SRX032532/SRR074466
3127	SRX032532	SRR074464	ftp://ftp-trace.ncbi.nih.gov/sra/sra-instant/reads/ByExp/sra/SRX/SRX032/SRX032532/SRR074464
3127	SRX032532	SRR074465	ftp://ftp-trace.ncbi.nih.gov/sra/sra-instant/reads/ByExp/sra/SRX/SRX032/SRX032532/SRR074465
3127	SRX032531	SRR074463	ftp://ftp-trace.ncbi.nih.gov/sra/sra-instant/reads/ByExp/sra/SRX/SRX032/SRX032531/SRR074463
3128	SRX032526	SRR074457	ftp://ftp-trace.ncbi.nih.gov/sra/sra-instant/reads/ByExp/sra/SRX/SRX032/SRX032526/SRR074457
3128	SRX032527	SRR074458	ftp://ftp-trace.ncbi.nih.gov/sra/sra-instant/reads/ByExp/sra/SRX/SRX032/SRX032527/SRR074458
3129	SRX014486	SRR031772	ftp://ftp-trace.ncbi.nih.gov/sra/sra-instant/reads/ByExp/sra/SRX/SRX014/SRX014486/SRR031772
3129	SRX014486	SRR031773	ftp://ftp-trace.ncbi.nih.gov/sra/sra-instant/reads/ByExp/sra/SRX/SRX014/SRX014486/SRR031773
3129	SRX032523	SRR074454	ftp://ftp-trace.ncbi.nih.gov/sra/sra-instant/reads/ByExp/sra/SRX/SRX032/SRX032523/SRR074454
3129	SRX032523	SRR074453	ftp://ftp-trace.ncbi.nih.gov/sra/sra-instant/reads/ByExp/sra/SRX/SRX032/SRX032523/SRR074453
3130	SRX032515	SRR074442	ftp://ftp-trace.ncbi.nih.gov/sra/sra-instant/reads/ByExp/sra/SRX/SRX032/SRX032515/SRR074442
3130	SRX032514	SRR074441	ftp://ftp-trace.ncbi.nih.gov/sra/sra-instant/reads/ByExp/sra/SRX/SRX032/SRX032514/SRR074441
3131	SRX032590	SRR074548	ftp://ftp-trace.ncbi.nih.gov/sra/sra-instant/reads/ByExp/sra/SRX/SRX032/SRX032590/SRR074548
3131	SRX032589	SRR074547	ftp://ftp-trace.ncbi.nih.gov/sra/sra-instant/reads/ByExp/sra/SRX/SRX032/SRX032589/SRR074547
3132	SRX014465	SRR031730	ftp://ftp-trace.ncbi.nih.gov/sra/sra-instant/reads/ByExp/sra/SRX/SRX014/SRX014465/SRR031730
3132	SRX014465	SRR031731	ftp://ftp-trace.ncbi.nih.gov/sra/sra-instant/reads/ByExp/sra/SRX/SRX014/SRX014465/SRR031731
3132	SRX032573	SRR074520	ftp://ftp-trace.ncbi.nih.gov/sra/sra-instant/reads/ByExp/sra/SRX/SRX032/SRX032573/SRR074520
3132	SRX032573	SRR074519	ftp://ftp-trace.ncbi.nih.gov/sra/sra-instant/reads/ByExp/sra/SRX/SRX032/SRX032573/SRR074519
3133	SRX014476	SRR031752	ftp://ftp-trace.ncbi.nih.gov/sra/sra-instant/reads/ByExp/sra/SRX/SRX014/SRX014476/SRR031752
3133	SRX014476	SRR031753	ftp://ftp-trace.ncbi.nih.gov/sra/sra-instant/reads/ByExp/sra/SRX/SRX014/SRX014476/SRR031753
3133	SRX032534	SRR074469	ftp://ftp-trace.ncbi.nih.gov/sra/sra-instant/reads/ByExp/sra/SRX/SRX032/SRX032534/SRR074469
3134	SRX032591	SRR074550	ftp://ftp-trace.ncbi.nih.gov/sra/sra-instant/reads/ByExp/sra/SRX/SRX032/SRX032591/SRR074550
3134	SRX032591	SRR074549	ftp://ftp-trace.ncbi.nih.gov/sra/sra-instant/reads/ByExp/sra/SRX/SRX032/SRX032591/SRR074549
3134	SRX014468	SRR031737	ftp://ftp-trace.ncbi.nih.gov/sra/sra-instant/reads/ByExp/sra/SRX/SRX014/SRX014468/SRR031737
3134	SRX014468	SRR031736	ftp://ftp-trace.ncbi.nih.gov/sra/sra-instant/reads/ByExp/sra/SRX/SRX014/SRX014468/SRR031736
3135	SRX032561	SRR074502	ftp://ftp-trace.ncbi.nih.gov/sra/sra-instant/reads/ByExp/sra/SRX/SRX032/SRX032561/SRR074502
3135	SRX032561	SRR074503	ftp://ftp-trace.ncbi.nih.gov/sra/sra-instant/reads/ByExp/sra/SRX/SRX032/SRX032561/SRR074503
3135	SRX032560	SRR074500	ftp://ftp-trace.ncbi.nih.gov/sra/sra-instant/reads/ByExp/sra/SRX/SRX032/SRX032560/SRR074500
3135	SRX032560	SRR074501	ftp://ftp-trace.ncbi.nih.gov/sra/sra-instant/reads/ByExp/sra/SRX/SRX032/SRX032560/SRR074501
3136	SRX032536	SRR074473	ftp://ftp-trace.ncbi.nih.gov/sra/sra-instant/reads/ByExp/sra/SRX/SRX032/SRX032536/SRR074473
3136	SRX032536	SRR074472	ftp://ftp-trace.ncbi.nih.gov/sra/sra-instant/reads/ByExp/sra/SRX/SRX032/SRX032536/SRR074472
3136	SRX014484	SRR031769	ftp://ftp-trace.ncbi.nih.gov/sra/sra-instant/reads/ByExp/sra/SRX/SRX014/SRX014484/SRR031769
3136	SRX014484	SRR031768	ftp://ftp-trace.ncbi.nih.gov/sra/sra-instant/reads/ByExp/sra/SRX/SRX014/SRX014484/SRR031768
3137	SRX014478	SRR031757	ftp://ftp-trace.ncbi.nih.gov/sra/sra-instant/reads/ByExp/sra/SRX/SRX014/SRX014478/SRR031757
3137	SRX014478	SRR031756	ftp://ftp-trace.ncbi.nih.gov/sra/sra-instant/reads/ByExp/sra/SRX/SRX014/SRX014478/SRR031756
3137	SRX032529	SRR074461	ftp://ftp-trace.ncbi.nih.gov/sra/sra-instant/reads/ByExp/sra/SRX/SRX032/SRX032529/SRR074461
3137	SRX032529	SRR074460	ftp://ftp-trace.ncbi.nih.gov/sra/sra-instant/reads/ByExp/sra/SRX/SRX032/SRX032529/SRR074460
3138	SRX032507	SRR074429	ftp://ftp-trace.ncbi.nih.gov/sra/sra-instant/reads/ByExp/sra/SRX/SRX032/SRX032507/SRR074429
3138	SRX014464	SRR031729	ftp://ftp-trace.ncbi.nih.gov/sra/sra-instant/reads/ByExp/sra/SRX/SRX014/SRX014464/SRR031729
3138	SRX014464	SRR031728	ftp://ftp-trace.ncbi.nih.gov/sra/sra-instant/reads/ByExp/sra/SRX/SRX014/SRX014464/SRR031728
3138	SRX032506	SRR074428	ftp://ftp-trace.ncbi.nih.gov/sra/sra-instant/reads/ByExp/sra/SRX/SRX032/SRX032506/SRR074428
3139	SRX032554	SRR074493	ftp://ftp-trace.ncbi.nih.gov/sra/sra-instant/reads/ByExp/sra/SRX/SRX032/SRX032554/SRR074493
3139	SRX032555	SRR074494	ftp://ftp-trace.ncbi.nih.gov/sra/sra-instant/reads/ByExp/sra/SRX/SRX032/SRX032555/SRR074494
3140	SRX032547	SRR074485	ftp://ftp-trace.ncbi.nih.gov/sra/sra-instant/reads/ByExp/sra/SRX/SRX032/SRX032547/SRR074485
3140	SRX032548	SRR074486	ftp://ftp-trace.ncbi.nih.gov/sra/sra-instant/reads/ByExp/sra/SRX/SRX032/SRX032548/SRR074486
3141	SRX014481	SRR031763	ftp://ftp-trace.ncbi.nih.gov/sra/sra-instant/reads/ByExp/sra/SRX/SRX014/SRX014481/SRR031763
3141	SRX014481	SRR031762	ftp://ftp-trace.ncbi.nih.gov/sra/sra-instant/reads/ByExp/sra/SRX/SRX014/SRX014481/SRR031762
3141	SRX032533	SRR074467	ftp://ftp-trace.ncbi.nih.gov/sra/sra-instant/reads/ByExp/sra/SRX/SRX032/SRX032533/SRR074467
3141	SRX032533	SRR074468	ftp://ftp-trace.ncbi.nih.gov/sra/sra-instant/reads/ByExp/sra/SRX/SRX032/SRX032533/SRR074468
3142	SRX032521	SRR074449	ftp://ftp-trace.ncbi.nih.gov/sra/sra-instant/reads/ByExp/sra/SRX/SRX032/SRX032521/SRR074449
3142	SRX032521	SRR074450	ftp://ftp-trace.ncbi.nih.gov/sra/sra-instant/reads/ByExp/sra/SRX/SRX032/SRX032521/SRR074450
3142	SRX014469	SRR031739	ftp://ftp-trace.ncbi.nih.gov/sra/sra-instant/reads/ByExp/sra/SRX/SRX014/SRX014469/SRR031739
3142	SRX014469	SRR031738	ftp://ftp-trace.ncbi.nih.gov/sra/sra-instant/reads/ByExp/sra/SRX/SRX014/SRX014469/SRR031738
3143	SRX014492	SRR031783	ftp://ftp-trace.ncbi.nih.gov/sra/sra-instant/reads/ByExp/sra/SRX/SRX014/SRX014492/SRR031783
3143	SRX032500	SRR074427	ftp://ftp-trace.ncbi.nih.gov/sra/sra-instant/reads/ByExp/sra/SRX/SRX032/SRX032500/SRR074427
3143	SRX032499	SRR074426	ftp://ftp-trace.ncbi.nih.gov/sra/sra-instant/reads/ByExp/sra/SRX/SRX032/SRX032499/SRR074426
3143	SRX014491	SRR031782	ftp://ftp-trace.ncbi.nih.gov/sra/sra-instant/reads/ByExp/sra/SRX/SRX014/SRX014491/SRR031782
3143	SRX014491	SRR031781	ftp://ftp-trace.ncbi.nih.gov/sra/sra-instant/reads/ByExp/sra/SRX/SRX014/SRX014491/SRR031781
3144	SRX014488	SRR031776	ftp://ftp-trace.ncbi.nih.gov/sra/sra-instant/reads/ByExp/sra/SRX/SRX014/SRX014488/SRR031776
3144	SRX014488	SRR031777	ftp://ftp-trace.ncbi.nih.gov/sra/sra-instant/reads/ByExp/sra/SRX/SRX014/SRX014488/SRR031777
3144	SRX032564	SRR074510	ftp://ftp-trace.ncbi.nih.gov/sra/sra-instant/reads/ByExp/sra/SRX/SRX032/SRX032564/SRR074510
3144	SRX032564	SRR074509	ftp://ftp-trace.ncbi.nih.gov/sra/sra-instant/reads/ByExp/sra/SRX/SRX032/SRX032564/SRR074509
3145	SRX032497	SRR074424	ftp://ftp-trace.ncbi.nih.gov/sra/sra-instant/reads/ByExp/sra/SRX/SRX032/SRX032497/SRR074424
3145	SRX014489	SRR031778	ftp://ftp-trace.ncbi.nih.gov/sra/sra-instant/reads/ByExp/sra/SRX/SRX014/SRX014489/SRR031778
3145	SRX014489	SRR031779	ftp://ftp-trace.ncbi.nih.gov/sra/sra-instant/reads/ByExp/sra/SRX/SRX014/SRX014489/SRR031779
3145	SRX032498	SRR074425	ftp://ftp-trace.ncbi.nih.gov/sra/sra-instant/reads/ByExp/sra/SRX/SRX032/SRX032498/SRR074425
3145	SRX014490	SRR031780	ftp://ftp-trace.ncbi.nih.gov/sra/sra-instant/reads/ByExp/sra/SRX/SRX014/SRX014490/SRR031780
3146	SRX032513	SRR074440	ftp://ftp-trace.ncbi.nih.gov/sra/sra-instant/reads/ByExp/sra/SRX/SRX032/SRX032513/SRR074440
3146	SRX032512	SRR074439	ftp://ftp-trace.ncbi.nih.gov/sra/sra-instant/reads/ByExp/sra/SRX/SRX032/SRX032512/SRR074439
3326	SRX033023	SRR077254	ftp://ftp-trace.ncbi.nih.gov/sra/sra-instant/reads/ByExp/sra/SRX/SRX033/SRX033023/SRR077254
3327	SRX033024	SRR077255	ftp://ftp-trace.ncbi.nih.gov/sra/sra-instant/reads/ByExp/sra/SRX/SRX033/SRX033024/SRR077255
3328	SRX033025	SRR077256	ftp://ftp-trace.ncbi.nih.gov/sra/sra-instant/reads/ByExp/sra/SRX/SRX033/SRX033025/SRR077256
3358	SRX033332	SRR080768	ftp://ftp-trace.ncbi.nih.gov/sra/sra-instant/reads/ByExp/sra/SRX/SRX033/SRX033332/SRR080768
3358	SRX033332	SRR080769	ftp://ftp-trace.ncbi.nih.gov/sra/sra-instant/reads/ByExp/sra/SRX/SRX033/SRX033332/SRR080769
3359	SRX033333	SRR080770	ftp://ftp-trace.ncbi.nih.gov/sra/sra-instant/reads/ByExp/sra/SRX/SRX033/SRX033333/SRR080770
3359	SRX033333	SRR080772	ftp://ftp-trace.ncbi.nih.gov/sra/sra-instant/reads/ByExp/sra/SRX/SRX033/SRX033333/SRR080772
3360	SRX033335	SRR080774	ftp://ftp-trace.ncbi.nih.gov/sra/sra-instant/reads/ByExp/sra/SRX/SRX033/SRX033335/SRR080774
3360	SRX033335	SRR080775	ftp://ftp-trace.ncbi.nih.gov/sra/sra-instant/reads/ByExp/sra/SRX/SRX033/SRX033335/SRR080775
3442	SRX029391	SRR070437	ftp://ftp-trace.ncbi.nih.gov/sra/sra-instant/reads/ByExp/sra/SRX/SRX029/SRX029391/SRR070437
3442	SRX029391	SRR070436	ftp://ftp-trace.ncbi.nih.gov/sra/sra-instant/reads/ByExp/sra/SRX/SRX029/SRX029391/SRR070436
3443	SRX029367	SRR070434	ftp://ftp-trace.ncbi.nih.gov/sra/sra-instant/reads/ByExp/sra/SRX/SRX029/SRX029367/SRR070434
3443	SRX029367	SRR070435	ftp://ftp-trace.ncbi.nih.gov/sra/sra-instant/reads/ByExp/sra/SRX/SRX029/SRX029367/SRR070435
3444	SRX029371	SRR070433	ftp://ftp-trace.ncbi.nih.gov/sra/sra-instant/reads/ByExp/sra/SRX/SRX029/SRX029371/SRR070433
3444	SRX029371	SRR070432	ftp://ftp-trace.ncbi.nih.gov/sra/sra-instant/reads/ByExp/sra/SRX/SRX029/SRX029371/SRR070432
3445	SRX029382	SRR070394	ftp://ftp-trace.ncbi.nih.gov/sra/sra-instant/reads/ByExp/sra/SRX/SRX029/SRX029382/SRR070394
3445	SRX029381	SRR070398	ftp://ftp-trace.ncbi.nih.gov/sra/sra-instant/reads/ByExp/sra/SRX/SRX029/SRX029381/SRR070398
3446	SRX029380	SRR070395	ftp://ftp-trace.ncbi.nih.gov/sra/sra-instant/reads/ByExp/sra/SRX/SRX029/SRX029380/SRR070395
3446	SRX029379	SRR070399	ftp://ftp-trace.ncbi.nih.gov/sra/sra-instant/reads/ByExp/sra/SRX/SRX029/SRX029379/SRR070399
3447	SRX029394	SRR070430	ftp://ftp-trace.ncbi.nih.gov/sra/sra-instant/reads/ByExp/sra/SRX/SRX029/SRX029394/SRR070430
3448	SRX029369	SRR070414	ftp://ftp-trace.ncbi.nih.gov/sra/sra-instant/reads/ByExp/sra/SRX/SRX029/SRX029369/SRR070414
3448	SRX029369	SRR070415	ftp://ftp-trace.ncbi.nih.gov/sra/sra-instant/reads/ByExp/sra/SRX/SRX029/SRX029369/SRR070415
3449	SRX029377	SRR070416	ftp://ftp-trace.ncbi.nih.gov/sra/sra-instant/reads/ByExp/sra/SRX/SRX029/SRX029377/SRR070416
3449	SRX029376	SRR070400	ftp://ftp-trace.ncbi.nih.gov/sra/sra-instant/reads/ByExp/sra/SRX/SRX029/SRX029376/SRR070400
3450	SRX029395	SRR070396	ftp://ftp-trace.ncbi.nih.gov/sra/sra-instant/reads/ByExp/sra/SRX/SRX029/SRX029395/SRR070396
3450	SRX029396	SRR070417	ftp://ftp-trace.ncbi.nih.gov/sra/sra-instant/reads/ByExp/sra/SRX/SRX029/SRX029396/SRR070417
3451	SRX029370	SRR070431	ftp://ftp-trace.ncbi.nih.gov/sra/sra-instant/reads/ByExp/sra/SRX/SRX029/SRX029370/SRR070431
3452	SRX029378	SRR070422	ftp://ftp-trace.ncbi.nih.gov/sra/sra-instant/reads/ByExp/sra/SRX/SRX029/SRX029378/SRR070422
3452	SRX029378	SRR070423	ftp://ftp-trace.ncbi.nih.gov/sra/sra-instant/reads/ByExp/sra/SRX/SRX029/SRX029378/SRR070423
3453	SRX029374	SRR070397	ftp://ftp-trace.ncbi.nih.gov/sra/sra-instant/reads/ByExp/sra/SRX/SRX029/SRX029374/SRR070397
3453	SRX029375	SRR070418	ftp://ftp-trace.ncbi.nih.gov/sra/sra-instant/reads/ByExp/sra/SRX/SRX029/SRX029375/SRR070418
3454	SRX029389	SRR070401	ftp://ftp-trace.ncbi.nih.gov/sra/sra-instant/reads/ByExp/sra/SRX/SRX029/SRX029389/SRR070401
3454	SRX045361	SRR111878	ftp://ftp-trace.ncbi.nih.gov/sra/sra-instant/reads/ByExp/sra/SRX/SRX045/SRX045361/SRR111878
3454	SRX029390	SRR070386	ftp://ftp-trace.ncbi.nih.gov/sra/sra-instant/reads/ByExp/sra/SRX/SRX029/SRX029390/SRR070386
3454	SRX045361	SRR111879	ftp://ftp-trace.ncbi.nih.gov/sra/sra-instant/reads/ByExp/sra/SRX/SRX045/SRX045361/SRR111879
3455	SRX029387	SRR070387	ftp://ftp-trace.ncbi.nih.gov/sra/sra-instant/reads/ByExp/sra/SRX/SRX029/SRX029387/SRR070387
3455	SRX029388	SRR070402	ftp://ftp-trace.ncbi.nih.gov/sra/sra-instant/reads/ByExp/sra/SRX/SRX029/SRX029388/SRR070402
3456	SRX029392	SRR070388	ftp://ftp-trace.ncbi.nih.gov/sra/sra-instant/reads/ByExp/sra/SRX/SRX029/SRX029392/SRR070388
3456	SRX029393	SRR070419	ftp://ftp-trace.ncbi.nih.gov/sra/sra-instant/reads/ByExp/sra/SRX/SRX029/SRX029393/SRR070419
3457	SRX045504	SRR116383	ftp://ftp-trace.ncbi.nih.gov/sra/sra-instant/reads/ByExp/sra/SRX/SRX045/SRX045504/SRR116383
3457	SRX029368	SRR070420	ftp://ftp-trace.ncbi.nih.gov/sra/sra-instant/reads/ByExp/sra/SRX/SRX029/SRX029368/SRR070420
3458	SRX029372	SRR070421	ftp://ftp-trace.ncbi.nih.gov/sra/sra-instant/reads/ByExp/sra/SRX/SRX029/SRX029372/SRR070421
3458	SRX029373	SRR070424	ftp://ftp-trace.ncbi.nih.gov/sra/sra-instant/reads/ByExp/sra/SRX/SRX029/SRX029373/SRR070424
3459	SRX029385	SRR070403	ftp://ftp-trace.ncbi.nih.gov/sra/sra-instant/reads/ByExp/sra/SRX/SRX029/SRX029385/SRR070403
3459	SRX045360	SRR111883	ftp://ftp-trace.ncbi.nih.gov/sra/sra-instant/reads/ByExp/sra/SRX/SRX045/SRX045360/SRR111883
3459	SRX029386	SRR070390	ftp://ftp-trace.ncbi.nih.gov/sra/sra-instant/reads/ByExp/sra/SRX/SRX029/SRX029386/SRR070390
3460	SRX029384	SRR070391	ftp://ftp-trace.ncbi.nih.gov/sra/sra-instant/reads/ByExp/sra/SRX/SRX029/SRX029384/SRR070391
3460	SRX029383	SRR070404	ftp://ftp-trace.ncbi.nih.gov/sra/sra-instant/reads/ByExp/sra/SRX/SRX029/SRX029383/SRR070404
3461	SRX029400	SRR070405	ftp://ftp-trace.ncbi.nih.gov/sra/sra-instant/reads/ByExp/sra/SRX/SRX029/SRX029400/SRR070405
3461	SRX029400	SRR070406	ftp://ftp-trace.ncbi.nih.gov/sra/sra-instant/reads/ByExp/sra/SRX/SRX029/SRX029400/SRR070406
3462	SRX045362	SRR111884	ftp://ftp-trace.ncbi.nih.gov/sra/sra-instant/reads/ByExp/sra/SRX/SRX045/SRX045362/SRR111884
3462	SRX029401	SRR070392	ftp://ftp-trace.ncbi.nih.gov/sra/sra-instant/reads/ByExp/sra/SRX/SRX029/SRX029401/SRR070392
3462	SRX045362	SRR111885	ftp://ftp-trace.ncbi.nih.gov/sra/sra-instant/reads/ByExp/sra/SRX/SRX045/SRX045362/SRR111885
3462	SRX029401	SRR070393	ftp://ftp-trace.ncbi.nih.gov/sra/sra-instant/reads/ByExp/sra/SRX/SRX029/SRX029401/SRR070393
3463	SRX029403	SRR070425	ftp://ftp-trace.ncbi.nih.gov/sra/sra-instant/reads/ByExp/sra/SRX/SRX029/SRX029403/SRR070425
3463	SRX029402	SRR070407	ftp://ftp-trace.ncbi.nih.gov/sra/sra-instant/reads/ByExp/sra/SRX/SRX029/SRX029402/SRR070407
3464	SRX042029	SRR100268	ftp://ftp-trace.ncbi.nih.gov/sra/sra-instant/reads/ByExp/sra/SRX/SRX042/SRX042029/SRR100268
3464	SRX029399	SRR070408	ftp://ftp-trace.ncbi.nih.gov/sra/sra-instant/reads/ByExp/sra/SRX/SRX029/SRX029399/SRR070408
3465	SRX042028	SRR100269	ftp://ftp-trace.ncbi.nih.gov/sra/sra-instant/reads/ByExp/sra/SRX/SRX042/SRX042028/SRR100269
3465	SRX029397	SRR070426	ftp://ftp-trace.ncbi.nih.gov/sra/sra-instant/reads/ByExp/sra/SRX/SRX029/SRX029397/SRR070426
3466	SRX029398	SRR070409	ftp://ftp-trace.ncbi.nih.gov/sra/sra-instant/reads/ByExp/sra/SRX/SRX029/SRX029398/SRR070409
3466	SRX029398	SRR070410	ftp://ftp-trace.ncbi.nih.gov/sra/sra-instant/reads/ByExp/sra/SRX/SRX029/SRX029398/SRR070410
3467	SRX042031	SRR100270	ftp://ftp-trace.ncbi.nih.gov/sra/sra-instant/reads/ByExp/sra/SRX/SRX042/SRX042031/SRR100270
3468	SRX029407	SRR070411	ftp://ftp-trace.ncbi.nih.gov/sra/sra-instant/reads/ByExp/sra/SRX/SRX029/SRX029407/SRR070411
3468	SRX029408	SRR070428	ftp://ftp-trace.ncbi.nih.gov/sra/sra-instant/reads/ByExp/sra/SRX/SRX029/SRX029408/SRR070428
3469	SRX042030	SRR100271	ftp://ftp-trace.ncbi.nih.gov/sra/sra-instant/reads/ByExp/sra/SRX/SRX042/SRX042030/SRR100271
3469	SRX029404	SRR070412	ftp://ftp-trace.ncbi.nih.gov/sra/sra-instant/reads/ByExp/sra/SRX/SRX029/SRX029404/SRR070412
3470	SRX029406	SRR070429	ftp://ftp-trace.ncbi.nih.gov/sra/sra-instant/reads/ByExp/sra/SRX/SRX029/SRX029406/SRR070429
3470	SRX029405	SRR070413	ftp://ftp-trace.ncbi.nih.gov/sra/sra-instant/reads/ByExp/sra/SRX/SRX029/SRX029405/SRR070413
3471	SRX029185	SRR070272	ftp://ftp-trace.ncbi.nih.gov/sra/sra-instant/reads/ByExp/sra/SRX/SRX029/SRX029185/SRR070272
3472	SRX045355	SRR111868	ftp://ftp-trace.ncbi.nih.gov/sra/sra-instant/reads/ByExp/sra/SRX/SRX045/SRX045355/SRR111868
3472	SRX029189	SRR070260	ftp://ftp-trace.ncbi.nih.gov/sra/sra-instant/reads/ByExp/sra/SRX/SRX029/SRX029189/SRR070260
3472	SRX029188	SRR070268	ftp://ftp-trace.ncbi.nih.gov/sra/sra-instant/reads/ByExp/sra/SRX/SRX029/SRX029188/SRR070268
3473	SRX029192	SRR070278	ftp://ftp-trace.ncbi.nih.gov/sra/sra-instant/reads/ByExp/sra/SRX/SRX029/SRX029192/SRR070278
3473	SRX029190	SRR070265	ftp://ftp-trace.ncbi.nih.gov/sra/sra-instant/reads/ByExp/sra/SRX/SRX029/SRX029190/SRR070265
3474	SRX029198	SRR070262	ftp://ftp-trace.ncbi.nih.gov/sra/sra-instant/reads/ByExp/sra/SRX/SRX029/SRX029198/SRR070262
3474	SRX045357	SRR111870	ftp://ftp-trace.ncbi.nih.gov/sra/sra-instant/reads/ByExp/sra/SRX/SRX045/SRX045357/SRR111870
3474	SRX029197	SRR070270	ftp://ftp-trace.ncbi.nih.gov/sra/sra-instant/reads/ByExp/sra/SRX/SRX029/SRX029197/SRR070270
3476	SRX029187	SRR070282	ftp://ftp-trace.ncbi.nih.gov/sra/sra-instant/reads/ByExp/sra/SRX/SRX029/SRX029187/SRR070282
3476	SRX029186	SRR070288	ftp://ftp-trace.ncbi.nih.gov/sra/sra-instant/reads/ByExp/sra/SRX/SRX029/SRX029186/SRR070288
3477	SRX029199	SRR070275	ftp://ftp-trace.ncbi.nih.gov/sra/sra-instant/reads/ByExp/sra/SRX/SRX029/SRX029199/SRR070275
3478	SRX045356	SRR111874	ftp://ftp-trace.ncbi.nih.gov/sra/sra-instant/reads/ByExp/sra/SRX/SRX045/SRX045356/SRR111874
3478	SRX029200	SRR070290	ftp://ftp-trace.ncbi.nih.gov/sra/sra-instant/reads/ByExp/sra/SRX/SRX029/SRX029200/SRR070290
3478	SRX029201	SRR070284	ftp://ftp-trace.ncbi.nih.gov/sra/sra-instant/reads/ByExp/sra/SRX/SRX029/SRX029201/SRR070284
3479	SRX029203	SRR070283	ftp://ftp-trace.ncbi.nih.gov/sra/sra-instant/reads/ByExp/sra/SRX/SRX029/SRX029203/SRR070283
3479	SRX029202	SRR070289	ftp://ftp-trace.ncbi.nih.gov/sra/sra-instant/reads/ByExp/sra/SRX/SRX029/SRX029202/SRR070289
3480	SRX029204	SRR070291	ftp://ftp-trace.ncbi.nih.gov/sra/sra-instant/reads/ByExp/sra/SRX/SRX029/SRX029204/SRR070291
3481	SRX029207	SRR070276	ftp://ftp-trace.ncbi.nih.gov/sra/sra-instant/reads/ByExp/sra/SRX/SRX029/SRX029207/SRR070276
3482	SRX045358	SRR111875	ftp://ftp-trace.ncbi.nih.gov/sra/sra-instant/reads/ByExp/sra/SRX/SRX045/SRX045358/SRR111875
3482	SRX029209	SRR070281	ftp://ftp-trace.ncbi.nih.gov/sra/sra-instant/reads/ByExp/sra/SRX/SRX029/SRX029209/SRR070281
3482	SRX029208	SRR070287	ftp://ftp-trace.ncbi.nih.gov/sra/sra-instant/reads/ByExp/sra/SRX/SRX029/SRX029208/SRR070287
3483	SRX045359	SRR111876	ftp://ftp-trace.ncbi.nih.gov/sra/sra-instant/reads/ByExp/sra/SRX/SRX045/SRX045359/SRR111876
3483	SRX029210	SRR070273	ftp://ftp-trace.ncbi.nih.gov/sra/sra-instant/reads/ByExp/sra/SRX/SRX029/SRX029210/SRR070273
3484	SRX029211	SRR070277	ftp://ftp-trace.ncbi.nih.gov/sra/sra-instant/reads/ByExp/sra/SRX/SRX029/SRX029211/SRR070277
3485	SRX029212	SRR070274	ftp://ftp-trace.ncbi.nih.gov/sra/sra-instant/reads/ByExp/sra/SRX/SRX029/SRX029212/SRR070274
3486	SRX045352	SRR111877	ftp://ftp-trace.ncbi.nih.gov/sra/sra-instant/reads/ByExp/sra/SRX/SRX045/SRX045352/SRR111877
3486	SRX029214	SRR070280	ftp://ftp-trace.ncbi.nih.gov/sra/sra-instant/reads/ByExp/sra/SRX/SRX029/SRX029214/SRR070280
3486	SRX029213	SRR070286	ftp://ftp-trace.ncbi.nih.gov/sra/sra-instant/reads/ByExp/sra/SRX/SRX029/SRX029213/SRR070286
3488	SRX029219	SRR070271	ftp://ftp-trace.ncbi.nih.gov/sra/sra-instant/reads/ByExp/sra/SRX/SRX029/SRX029219/SRR070271
3493	SRX029194	SRR111873	ftp://ftp-trace.ncbi.nih.gov/sra/sra-instant/reads/ByExp/sra/SRX/SRX029/SRX029194/SRR111873
3493	SRX029195	SRR070261	ftp://ftp-trace.ncbi.nih.gov/sra/sra-instant/reads/ByExp/sra/SRX/SRX029/SRX029195/SRR070261
3493	SRX029193	SRR070269	ftp://ftp-trace.ncbi.nih.gov/sra/sra-instant/reads/ByExp/sra/SRX/SRX029/SRX029193/SRR070269
3442	SRX042020	SRR100283	ftp://ftp-trace.ncbi.nih.gov//sra/sra-instant/reads/ByExp/sra/SRX/SRX042/SRX042020/SRR100283
3443	SRX042017	SRR100279	ftp://ftp-trace.ncbi.nih.gov//sra/sra-instant/reads/ByExp/sra/SRX/SRX042/SRX042017/SRR100279
3444	SRX042021	SRR100280	ftp://ftp-trace.ncbi.nih.gov//sra/sra-instant/reads/ByExp/sra/SRX/SRX042/SRX042021/SRR100280
3447	SRX042026	SRR100278	ftp://ftp-trace.ncbi.nih.gov//sra/sra-instant/reads/ByExp/sra/SRX/SRX042/SRX042026/SRR100278
3447	SRX042027	SRR100282	ftp://ftp-trace.ncbi.nih.gov//sra/sra-instant/reads/ByExp/sra/SRX/SRX042/SRX042027/SRR100282
3451	SRX042026	SRR100278	ftp://ftp-trace.ncbi.nih.gov//sra/sra-instant/reads/ByExp/sra/SRX/SRX042/SRX042026/SRR100278
3451	SRX043506	SRR103745	ftp://ftp-trace.ncbi.nih.gov//sra/sra-instant/reads/ByExp/sra/SRX/SRX043/SRX043506/SRR103745
3452	SRX042023	SRR100276	ftp://ftp-trace.ncbi.nih.gov//sra/sra-instant/reads/ByExp/sra/SRX/SRX042/SRX042023/SRR100276
3453	SRX048961	SRR111880	ftp://ftp-trace.ncbi.nih.gov//sra/sra-instant/reads/ByExp/sra/SRX/SRX048/SRX048961/SRR111880
3453	SRX029374	SRR182357	ftp://ftp-trace.ncbi.nih.gov//sra/sra-instant/reads/ByExp/sra/SRX/SRX029/SRX029374/SRR182357
3453	SRX042022	SRR100273	ftp://ftp-trace.ncbi.nih.gov//sra/sra-instant/reads/ByExp/sra/SRX/SRX042/SRX042022/SRR100273
3453	SRX042018	SRR100274	ftp://ftp-trace.ncbi.nih.gov//sra/sra-instant/reads/ByExp/sra/SRX/SRX042/SRX042018/SRR100274
3453	SRX048961	SRR111881	ftp://ftp-trace.ncbi.nih.gov//sra/sra-instant/reads/ByExp/sra/SRX/SRX048/SRX048961/SRR111881
3453	SRX029374	SRR182358	ftp://ftp-trace.ncbi.nih.gov//sra/sra-instant/reads/ByExp/sra/SRX/SRX029/SRX029374/SRR182358
3456	SRX042025	SRR100275	ftp://ftp-trace.ncbi.nih.gov//sra/sra-instant/reads/ByExp/sra/SRX/SRX042/SRX042025/SRR100275
3457	SRX048965	SRR111882	ftp://ftp-trace.ncbi.nih.gov//sra/sra-instant/reads/ByExp/sra/SRX/SRX048/SRX048965/SRR111882
3457	SRX042018	SRR100274	ftp://ftp-trace.ncbi.nih.gov//sra/sra-instant/reads/ByExp/sra/SRX/SRX042/SRX042018/SRR100274
3467	SRX029409	SRR070427	ftp://ftp-trace.ncbi.nih.gov//sra/sra-instant/reads/ByExp/sra/SRX/SRX029/SRX029409/SRR070427
