342	SRX012965	SRR030171	ftp://ftp-trace.ncbi.nih.gov/sra/sra-instant/reads/ByExp/sra/SRX/SRX012/SRX012965/SRR030171/SRR030171.sra
342	SRX012961	SRR030167	ftp://ftp-trace.ncbi.nih.gov/sra/sra-instant/reads/ByExp/sra/SRX/SRX012/SRX012961/SRR030167/SRR030167.sra
342	SRX012964	SRR030170	ftp://ftp-trace.ncbi.nih.gov/sra/sra-instant/reads/ByExp/sra/SRX/SRX012/SRX012964/SRR030170/SRR030170.sra
342	SRX012963	SRR030169	ftp://ftp-trace.ncbi.nih.gov/sra/sra-instant/reads/ByExp/sra/SRX/SRX012/SRX012963/SRR030169/SRR030169.sra
342	SRX012960	SRR030166	ftp://ftp-trace.ncbi.nih.gov/sra/sra-instant/reads/ByExp/sra/SRX/SRX012/SRX012960/SRR030166/SRR030166.sra
342	SRX012959	SRR030165	ftp://ftp-trace.ncbi.nih.gov/sra/sra-instant/reads/ByExp/sra/SRX/SRX012/SRX012959/SRR030165/SRR030165.sra
342	SRX012962	SRR030168	ftp://ftp-trace.ncbi.nih.gov/sra/sra-instant/reads/ByExp/sra/SRX/SRX012/SRX012962/SRR030168/SRR030168.sra
342	SRX012958	SRR030164	ftp://ftp-trace.ncbi.nih.gov/sra/sra-instant/reads/ByExp/sra/SRX/SRX012/SRX012958/SRR030164/SRR030164.sra
362	SRX012967	SRR030174	ftp://ftp-trace.ncbi.nih.gov/sra/sra-instant/reads/ByExp/sra/SRX/SRX012/SRX012967/SRR030174/SRR030174.sra
362	SRX012969	SRR030176	ftp://ftp-trace.ncbi.nih.gov/sra/sra-instant/reads/ByExp/sra/SRX/SRX012/SRX012969/SRR030176/SRR030176.sra
362	SRX012968	SRR030175	ftp://ftp-trace.ncbi.nih.gov/sra/sra-instant/reads/ByExp/sra/SRX/SRX012/SRX012968/SRR030175/SRR030175.sra
362	SRX012966	SRR030173	ftp://ftp-trace.ncbi.nih.gov/sra/sra-instant/reads/ByExp/sra/SRX/SRX012/SRX012966/SRR030173/SRR030173.sra
362	SRX012970	SRR030177	ftp://ftp-trace.ncbi.nih.gov/sra/sra-instant/reads/ByExp/sra/SRX/SRX012/SRX012970/SRR030177/SRR030177.sra
362	SRX012971	SRR030178	ftp://ftp-trace.ncbi.nih.gov/sra/sra-instant/reads/ByExp/sra/SRX/SRX012/SRX012971/SRR030178/SRR030178.sra
362	SRX012972	SRR030179	ftp://ftp-trace.ncbi.nih.gov/sra/sra-instant/reads/ByExp/sra/SRX/SRX012/SRX012972/SRR030179/SRR030179.sra
362	SRX012973	SRR030180	ftp://ftp-trace.ncbi.nih.gov/sra/sra-instant/reads/ByExp/sra/SRX/SRX012/SRX012973/SRR030180/SRR030180.sra
364	SRX012948	SRR030154	ftp://ftp-trace.ncbi.nih.gov/sra/sra-instant/reads/ByExp/sra/SRX/SRX012/SRX012948/SRR030154/SRR030154.sra
364	SRX012947	SRR030153	ftp://ftp-trace.ncbi.nih.gov/sra/sra-instant/reads/ByExp/sra/SRX/SRX012/SRX012947/SRR030153/SRR030153.sra
364	SRX012949	SRR030155	ftp://ftp-trace.ncbi.nih.gov/sra/sra-instant/reads/ByExp/sra/SRX/SRX012/SRX012949/SRR030155/SRR030155.sra
364	SRX012951	SRR030157	ftp://ftp-trace.ncbi.nih.gov/sra/sra-instant/reads/ByExp/sra/SRX/SRX012/SRX012951/SRR030157/SRR030157.sra
364	SRX012953	SRR030159	ftp://ftp-trace.ncbi.nih.gov/sra/sra-instant/reads/ByExp/sra/SRX/SRX012/SRX012953/SRR030159/SRR030159.sra
364	SRX012952	SRR030158	ftp://ftp-trace.ncbi.nih.gov/sra/sra-instant/reads/ByExp/sra/SRX/SRX012/SRX012952/SRR030158/SRR030158.sra
364	SRX012950	SRR030156	ftp://ftp-trace.ncbi.nih.gov/sra/sra-instant/reads/ByExp/sra/SRX/SRX012/SRX012950/SRR030156/SRR030156.sra
366	SRX012941	SRR030145	ftp://ftp-trace.ncbi.nih.gov/sra/sra-instant/reads/ByExp/sra/SRX/SRX012/SRX012941/SRR030145/SRR030145.sra
366	SRX012943	SRR030147	ftp://ftp-trace.ncbi.nih.gov/sra/sra-instant/reads/ByExp/sra/SRX/SRX012/SRX012943/SRR030147/SRR030147.sra
366	SRX012942	SRR030146	ftp://ftp-trace.ncbi.nih.gov/sra/sra-instant/reads/ByExp/sra/SRX/SRX012/SRX012942/SRR030146/SRR030146.sra
582	SRX002674	SRR013608	ftp://ftp-trace.ncbi.nih.gov/sra/sra-instant/reads/ByExp/sra/SRX/SRX002/SRX002674/SRR013608/SRR013608.sra
582	SRX002674	SRR013609	ftp://ftp-trace.ncbi.nih.gov/sra/sra-instant/reads/ByExp/sra/SRX/SRX002/SRX002674/SRR013609/SRR013609.sra
582	SRX002673	SRR013606	ftp://ftp-trace.ncbi.nih.gov/sra/sra-instant/reads/ByExp/sra/SRX/SRX002/SRX002673/SRR013606/SRR013606.sra
582	SRX002673	SRR013607	ftp://ftp-trace.ncbi.nih.gov/sra/sra-instant/reads/ByExp/sra/SRX/SRX002/SRX002673/SRR013607/SRR013607.sra
584	SRX002676	SRR013613	ftp://ftp-trace.ncbi.nih.gov/sra/sra-instant/reads/ByExp/sra/SRX/SRX002/SRX002676/SRR013613/SRR013613.sra
584	SRX002676	SRR013614	ftp://ftp-trace.ncbi.nih.gov/sra/sra-instant/reads/ByExp/sra/SRX/SRX002/SRX002676/SRR013614/SRR013614.sra
584	SRX002676	SRR013615	ftp://ftp-trace.ncbi.nih.gov/sra/sra-instant/reads/ByExp/sra/SRX/SRX002/SRX002676/SRR013615/SRR013615.sra
584	SRX002676	SRR013616	ftp://ftp-trace.ncbi.nih.gov/sra/sra-instant/reads/ByExp/sra/SRX/SRX002/SRX002676/SRR013616/SRR013616.sra
584	SRX002675	SRR013610	ftp://ftp-trace.ncbi.nih.gov/sra/sra-instant/reads/ByExp/sra/SRX/SRX002/SRX002675/SRR013610/SRR013610.sra
584	SRX002675	SRR013611	ftp://ftp-trace.ncbi.nih.gov/sra/sra-instant/reads/ByExp/sra/SRX/SRX002/SRX002675/SRR013611/SRR013611.sra
584	SRX002675	SRR013612	ftp://ftp-trace.ncbi.nih.gov/sra/sra-instant/reads/ByExp/sra/SRX/SRX002/SRX002675/SRR013612/SRR013612.sra
586	SRX002674	SRR013608	ftp://ftp-trace.ncbi.nih.gov/sra/sra-instant/reads/ByExp/sra/SRX/SRX002/SRX002674/SRR013608/SRR013608.sra
586	SRX002674	SRR013609	ftp://ftp-trace.ncbi.nih.gov/sra/sra-instant/reads/ByExp/sra/SRX/SRX002/SRX002674/SRR013609/SRR013609.sra
586	SRX005648	SRR017617	ftp://ftp-trace.ncbi.nih.gov/sra/sra-instant/reads/ByExp/sra/SRX/SRX005/SRX005648/SRR017617/SRR017617.sra
586	SRX005649	SRR017618	ftp://ftp-trace.ncbi.nih.gov/sra/sra-instant/reads/ByExp/sra/SRX/SRX005/SRX005649/SRR017618/SRR017618.sra
588	SRX002676	SRR013613	ftp://ftp-trace.ncbi.nih.gov/sra/sra-instant/reads/ByExp/sra/SRX/SRX002/SRX002676/SRR013613/SRR013613.sra
588	SRX002676	SRR013614	ftp://ftp-trace.ncbi.nih.gov/sra/sra-instant/reads/ByExp/sra/SRX/SRX002/SRX002676/SRR013614/SRR013614.sra
588	SRX002676	SRR013615	ftp://ftp-trace.ncbi.nih.gov/sra/sra-instant/reads/ByExp/sra/SRX/SRX002/SRX002676/SRR013615/SRR013615.sra
588	SRX002676	SRR013616	ftp://ftp-trace.ncbi.nih.gov/sra/sra-instant/reads/ByExp/sra/SRX/SRX002/SRX002676/SRR013616/SRR013616.sra
588	SRX005648	SRR017617	ftp://ftp-trace.ncbi.nih.gov/sra/sra-instant/reads/ByExp/sra/SRX/SRX005/SRX005648/SRR017617/SRR017617.sra
588	SRX005651	SRR017620	ftp://ftp-trace.ncbi.nih.gov/sra/sra-instant/reads/ByExp/sra/SRX/SRX005/SRX005651/SRR017620/SRR017620.sra
588	SRX005651	SRR017621	ftp://ftp-trace.ncbi.nih.gov/sra/sra-instant/reads/ByExp/sra/SRX/SRX005/SRX005651/SRR017621/SRR017621.sra
589	SRX005627	SRR017596	ftp://ftp-trace.ncbi.nih.gov/sra/sra-instant/reads/ByExp/sra/SRX/SRX005/SRX005627/SRR017596/SRR017596.sra
589	SRX005625	SRR017594	ftp://ftp-trace.ncbi.nih.gov/sra/sra-instant/reads/ByExp/sra/SRX/SRX005/SRX005625/SRR017594/SRR017594.sra
589	SRX005630	SRR017599	ftp://ftp-trace.ncbi.nih.gov/sra/sra-instant/reads/ByExp/sra/SRX/SRX005/SRX005630/SRR017599/SRR017599.sra
589	SRX005628	SRR017597	ftp://ftp-trace.ncbi.nih.gov/sra/sra-instant/reads/ByExp/sra/SRX/SRX005/SRX005628/SRR017597/SRR017597.sra
590	SRX005627	SRR017596	ftp://ftp-trace.ncbi.nih.gov/sra/sra-instant/reads/ByExp/sra/SRX/SRX005/SRX005627/SRR017596/SRR017596.sra
590	SRX005626	SRR017595	ftp://ftp-trace.ncbi.nih.gov/sra/sra-instant/reads/ByExp/sra/SRX/SRX005/SRX005626/SRR017595/SRR017595.sra
590	SRX005630	SRR017599	ftp://ftp-trace.ncbi.nih.gov/sra/sra-instant/reads/ByExp/sra/SRX/SRX005/SRX005630/SRR017599/SRR017599.sra
590	SRX005629	SRR017598	ftp://ftp-trace.ncbi.nih.gov/sra/sra-instant/reads/ByExp/sra/SRX/SRX005/SRX005629/SRR017598/SRR017598.sra
591	SRX005633	SRR017602	ftp://ftp-trace.ncbi.nih.gov/sra/sra-instant/reads/ByExp/sra/SRX/SRX005/SRX005633/SRR017602/SRR017602.sra
591	SRX005631	SRR017600	ftp://ftp-trace.ncbi.nih.gov/sra/sra-instant/reads/ByExp/sra/SRX/SRX005/SRX005631/SRR017600/SRR017600.sra
591	SRX005636	SRR017605	ftp://ftp-trace.ncbi.nih.gov/sra/sra-instant/reads/ByExp/sra/SRX/SRX005/SRX005636/SRR017605/SRR017605.sra
591	SRX005634	SRR017603	ftp://ftp-trace.ncbi.nih.gov/sra/sra-instant/reads/ByExp/sra/SRX/SRX005/SRX005634/SRR017603/SRR017603.sra
592	SRX005633	SRR017602	ftp://ftp-trace.ncbi.nih.gov/sra/sra-instant/reads/ByExp/sra/SRX/SRX005/SRX005633/SRR017602/SRR017602.sra
592	SRX005632	SRR017601	ftp://ftp-trace.ncbi.nih.gov/sra/sra-instant/reads/ByExp/sra/SRX/SRX005/SRX005632/SRR017601/SRR017601.sra
592	SRX005636	SRR017605	ftp://ftp-trace.ncbi.nih.gov/sra/sra-instant/reads/ByExp/sra/SRX/SRX005/SRX005636/SRR017605/SRR017605.sra
592	SRX005635	SRR017604	ftp://ftp-trace.ncbi.nih.gov/sra/sra-instant/reads/ByExp/sra/SRX/SRX005/SRX005635/SRR017604/SRR017604.sra
593	SRX005638	SRR017607	ftp://ftp-trace.ncbi.nih.gov/sra/sra-instant/reads/ByExp/sra/SRX/SRX005/SRX005638/SRR017607/SRR017607.sra
593	SRX005637	SRR017606	ftp://ftp-trace.ncbi.nih.gov/sra/sra-instant/reads/ByExp/sra/SRX/SRX005/SRX005637/SRR017606/SRR017606.sra
593	SRX005640	SRR017609	ftp://ftp-trace.ncbi.nih.gov/sra/sra-instant/reads/ByExp/sra/SRX/SRX005/SRX005640/SRR017609/SRR017609.sra
593	SRX005639	SRR017608	ftp://ftp-trace.ncbi.nih.gov/sra/sra-instant/reads/ByExp/sra/SRX/SRX005/SRX005639/SRR017608/SRR017608.sra
633	SRX003836	SRR015084	ftp://ftp-trace.ncbi.nih.gov/sra/sra-instant/reads/ByExp/sra/SRX/SRX003/SRX003836/SRR015084/SRR015084.sra
633	SRX003836	SRR015086	ftp://ftp-trace.ncbi.nih.gov/sra/sra-instant/reads/ByExp/sra/SRX/SRX003/SRX003836/SRR015086/SRR015086.sra
633	SRX003836	SRR015088	ftp://ftp-trace.ncbi.nih.gov/sra/sra-instant/reads/ByExp/sra/SRX/SRX003/SRX003836/SRR015088/SRR015088.sra
633	SRX003837	SRR015090	ftp://ftp-trace.ncbi.nih.gov/sra/sra-instant/reads/ByExp/sra/SRX/SRX003/SRX003837/SRR015090/SRR015090.sra
633	SRX003837	SRR015092	ftp://ftp-trace.ncbi.nih.gov/sra/sra-instant/reads/ByExp/sra/SRX/SRX003/SRX003837/SRR015092/SRR015092.sra
634	SRX003786	SRR014966	ftp://ftp-trace.ncbi.nih.gov/sra/sra-instant/reads/ByExp/sra/SRX/SRX003/SRX003786/SRR014966/SRR014966.sra
635	SRX003787	SRR014967	ftp://ftp-trace.ncbi.nih.gov/sra/sra-instant/reads/ByExp/sra/SRX/SRX003/SRX003787/SRR014967/SRR014967.sra
636	SRX003788	SRR014968	ftp://ftp-trace.ncbi.nih.gov/sra/sra-instant/reads/ByExp/sra/SRX/SRX003/SRX003788/SRR014968/SRR014968.sra
637	SRX003789	SRR014969	ftp://ftp-trace.ncbi.nih.gov/sra/sra-instant/reads/ByExp/sra/SRX/SRX003/SRX003789/SRR014969/SRR014969.sra
638	SRX003790	SRR014970	ftp://ftp-trace.ncbi.nih.gov/sra/sra-instant/reads/ByExp/sra/SRX/SRX003/SRX003790/SRR014970/SRR014970.sra
639	SRX003791	SRR014971	ftp://ftp-trace.ncbi.nih.gov/sra/sra-instant/reads/ByExp/sra/SRX/SRX003/SRX003791/SRR014971/SRR014971.sra
640	SRX003792	SRR014972	ftp://ftp-trace.ncbi.nih.gov/sra/sra-instant/reads/ByExp/sra/SRX/SRX003/SRX003792/SRR014972/SRR014972.sra
650	SRX003840	SRR015104	ftp://ftp-trace.ncbi.nih.gov/sra/sra-instant/reads/ByExp/sra/SRX/SRX003/SRX003840/SRR015104/SRR015104.sra
650	SRX003840	SRR015106	ftp://ftp-trace.ncbi.nih.gov/sra/sra-instant/reads/ByExp/sra/SRX/SRX003/SRX003840/SRR015106/SRR015106.sra
650	SRX003841	SRR015108	ftp://ftp-trace.ncbi.nih.gov/sra/sra-instant/reads/ByExp/sra/SRX/SRX003/SRX003841/SRR015108/SRR015108.sra
650	SRX003841	SRR015110	ftp://ftp-trace.ncbi.nih.gov/sra/sra-instant/reads/ByExp/sra/SRX/SRX003/SRX003841/SRR015110/SRR015110.sra
650	SRX003841	SRR015112	ftp://ftp-trace.ncbi.nih.gov/sra/sra-instant/reads/ByExp/sra/SRX/SRX003/SRX003841/SRR015112/SRR015112.sra
651	SRX003838	SRR015094	ftp://ftp-trace.ncbi.nih.gov/sra/sra-instant/reads/ByExp/sra/SRX/SRX003/SRX003838/SRR015094/SRR015094.sra
651	SRX003838	SRR015096	ftp://ftp-trace.ncbi.nih.gov/sra/sra-instant/reads/ByExp/sra/SRX/SRX003/SRX003838/SRR015096/SRR015096.sra
651	SRX003839	SRR015098	ftp://ftp-trace.ncbi.nih.gov/sra/sra-instant/reads/ByExp/sra/SRX/SRX003/SRX003839/SRR015098/SRR015098.sra
651	SRX003839	SRR015100	ftp://ftp-trace.ncbi.nih.gov/sra/sra-instant/reads/ByExp/sra/SRX/SRX003/SRX003839/SRR015100/SRR015100.sra
651	SRX003839	SRR015102	ftp://ftp-trace.ncbi.nih.gov/sra/sra-instant/reads/ByExp/sra/SRX/SRX003/SRX003839/SRR015102/SRR015102.sra
652	SRX003834	SRR015074	ftp://ftp-trace.ncbi.nih.gov/sra/sra-instant/reads/ByExp/sra/SRX/SRX003/SRX003834/SRR015074/SRR015074.sra
652	SRX003834	SRR015076	ftp://ftp-trace.ncbi.nih.gov/sra/sra-instant/reads/ByExp/sra/SRX/SRX003/SRX003834/SRR015076/SRR015076.sra
652	SRX003834	SRR015078	ftp://ftp-trace.ncbi.nih.gov/sra/sra-instant/reads/ByExp/sra/SRX/SRX003/SRX003834/SRR015078/SRR015078.sra
652	SRX003835	SRR015080	ftp://ftp-trace.ncbi.nih.gov/sra/sra-instant/reads/ByExp/sra/SRX/SRX003/SRX003835/SRR015080/SRR015080.sra
652	SRX003835	SRR015082	ftp://ftp-trace.ncbi.nih.gov/sra/sra-instant/reads/ByExp/sra/SRX/SRX003/SRX003835/SRR015082/SRR015082.sra
712	SRX003196	SRR014397	ftp://ftp-trace.ncbi.nih.gov/sra/sra-instant/reads/ByExp/sra/SRX/SRX003/SRX003196/SRR014397/SRR014397.sra
712	SRX003195	SRR014396	ftp://ftp-trace.ncbi.nih.gov/sra/sra-instant/reads/ByExp/sra/SRX/SRX003/SRX003195/SRR014396/SRR014396.sra
712	SRX003194	SRR014395	ftp://ftp-trace.ncbi.nih.gov/sra/sra-instant/reads/ByExp/sra/SRX/SRX003/SRX003194/SRR014395/SRR014395.sra
712	SRX003193	SRR014394	ftp://ftp-trace.ncbi.nih.gov/sra/sra-instant/reads/ByExp/sra/SRX/SRX003/SRX003193/SRR014394/SRR014394.sra
712	SRX003192	SRR014393	ftp://ftp-trace.ncbi.nih.gov/sra/sra-instant/reads/ByExp/sra/SRX/SRX003/SRX003192/SRR014393/SRR014393.sra
737	SRX028578	SRR068998	ftp://ftp-trace.ncbi.nih.gov/sra/sra-instant/reads/ByExp/sra/SRX/SRX028/SRX028578/SRR068998/SRR068998.sra
738	SRX029068	SRR069831	ftp://ftp-trace.ncbi.nih.gov/sra/sra-instant/reads/ByExp/sra/SRX/SRX029/SRX029068/SRR069831/SRR069831.sra
739	SRX029073	SRR069836	ftp://ftp-trace.ncbi.nih.gov/sra/sra-instant/reads/ByExp/sra/SRX/SRX029/SRX029073/SRR069836/SRR069836.sra
741	SRX029066	SRR069829	ftp://ftp-trace.ncbi.nih.gov/sra/sra-instant/reads/ByExp/sra/SRX/SRX029/SRX029066/SRR069829/SRR069829.sra
742	SRX029069	SRR069832	ftp://ftp-trace.ncbi.nih.gov/sra/sra-instant/reads/ByExp/sra/SRX/SRX029/SRX029069/SRR069832/SRR069832.sra
743	SRX029074	SRR069837	ftp://ftp-trace.ncbi.nih.gov/sra/sra-instant/reads/ByExp/sra/SRX/SRX029/SRX029074/SRR069837/SRR069837.sra
745	SRX029077	SRR069840	ftp://ftp-trace.ncbi.nih.gov/sra/sra-instant/reads/ByExp/sra/SRX/SRX029/SRX029077/SRR069840/SRR069840.sra
746	SRX029067	SRR069830	ftp://ftp-trace.ncbi.nih.gov/sra/sra-instant/reads/ByExp/sra/SRX/SRX029/SRX029067/SRR069830/SRR069830.sra
747	SRX029072	SRR069835	ftp://ftp-trace.ncbi.nih.gov/sra/sra-instant/reads/ByExp/sra/SRX/SRX029/SRX029072/SRR069835/SRR069835.sra
748	SRX002667	SRR013600	ftp://ftp-trace.ncbi.nih.gov/sra/sra-instant/reads/ByExp/sra/SRX/SRX002/SRX002667/SRR013600/SRR013600.sra
749	SRX002669	SRR013602	ftp://ftp-trace.ncbi.nih.gov/sra/sra-instant/reads/ByExp/sra/SRX/SRX002/SRX002669/SRR013602/SRR013602.sra
750	SRX002671	SRR013604	ftp://ftp-trace.ncbi.nih.gov/sra/sra-instant/reads/ByExp/sra/SRX/SRX002/SRX002671/SRR013604/SRR013604.sra
753	SRX029076	SRR069839	ftp://ftp-trace.ncbi.nih.gov/sra/sra-instant/reads/ByExp/sra/SRX/SRX029/SRX029076/SRR069839/SRR069839.sra
754	SRX029075	SRR069838	ftp://ftp-trace.ncbi.nih.gov/sra/sra-instant/reads/ByExp/sra/SRX/SRX029/SRX029075/SRR069838/SRR069838.sra
757	SRX002668	SRR013601	ftp://ftp-trace.ncbi.nih.gov/sra/sra-instant/reads/ByExp/sra/SRX/SRX002/SRX002668/SRR013601/SRR013601.sra
758	SRX002670	SRR013603	ftp://ftp-trace.ncbi.nih.gov/sra/sra-instant/reads/ByExp/sra/SRX/SRX002/SRX002670/SRR013603/SRR013603.sra
777	SRX013031	SRR030297	ftp://ftp-trace.ncbi.nih.gov/sra/sra-instant/reads/ByExp/sra/SRX/SRX013/SRX013031/SRR030297/SRR030297.sra
778	SRX013028	SRR030294	ftp://ftp-trace.ncbi.nih.gov/sra/sra-instant/reads/ByExp/sra/SRX/SRX013/SRX013028/SRR030294/SRR030294.sra
778	SRX013022	SRR030288	ftp://ftp-trace.ncbi.nih.gov/sra/sra-instant/reads/ByExp/sra/SRX/SRX013/SRX013022/SRR030288/SRR030288.sra
779	SRX013076	SRR030342	ftp://ftp-trace.ncbi.nih.gov/sra/sra-instant/reads/ByExp/sra/SRX/SRX013/SRX013076/SRR030342/SRR030342.sra
779	SRX013080	SRR030346	ftp://ftp-trace.ncbi.nih.gov/sra/sra-instant/reads/ByExp/sra/SRX/SRX013/SRX013080/SRR030346/SRR030346.sra
780	SRX013074	SRR030340	ftp://ftp-trace.ncbi.nih.gov/sra/sra-instant/reads/ByExp/sra/SRX/SRX013/SRX013074/SRR030340/SRR030340.sra
780	SRX013078	SRR030344	ftp://ftp-trace.ncbi.nih.gov/sra/sra-instant/reads/ByExp/sra/SRX/SRX013/SRX013078/SRR030344/SRR030344.sra
781	SRX013025	SRR030291	ftp://ftp-trace.ncbi.nih.gov/sra/sra-instant/reads/ByExp/sra/SRX/SRX013/SRX013025/SRR030291/SRR030291.sra
781	SRX013006	SRR030272	ftp://ftp-trace.ncbi.nih.gov/sra/sra-instant/reads/ByExp/sra/SRX/SRX013/SRX013006/SRR030272/SRR030272.sra
782	SRX013110	SRR030376	ftp://ftp-trace.ncbi.nih.gov/sra/sra-instant/reads/ByExp/sra/SRX/SRX013/SRX013110/SRR030376/SRR030376.sra
782	SRX013020	SRR030286	ftp://ftp-trace.ncbi.nih.gov/sra/sra-instant/reads/ByExp/sra/SRX/SRX013/SRX013020/SRR030286/SRR030286.sra
783	SRX013071	SRR030337	ftp://ftp-trace.ncbi.nih.gov/sra/sra-instant/reads/ByExp/sra/SRX/SRX013/SRX013071/SRR030337/SRR030337.sra
783	SRX013010	SRR030276	ftp://ftp-trace.ncbi.nih.gov/sra/sra-instant/reads/ByExp/sra/SRX/SRX013/SRX013010/SRR030276/SRR030276.sra
784	SRX013043	SRR030309	ftp://ftp-trace.ncbi.nih.gov/sra/sra-instant/reads/ByExp/sra/SRX/SRX013/SRX013043/SRR030309/SRR030309.sra
784	SRX013016	SRR030282	ftp://ftp-trace.ncbi.nih.gov/sra/sra-instant/reads/ByExp/sra/SRX/SRX013/SRX013016/SRR030282/SRR030282.sra
785	SRX013040	SRR030306	ftp://ftp-trace.ncbi.nih.gov/sra/sra-instant/reads/ByExp/sra/SRX/SRX013/SRX013040/SRR030306/SRR030306.sra
785	SRX013008	SRR030274	ftp://ftp-trace.ncbi.nih.gov/sra/sra-instant/reads/ByExp/sra/SRX/SRX013/SRX013008/SRR030274/SRR030274.sra
786	SRX013037	SRR030303	ftp://ftp-trace.ncbi.nih.gov/sra/sra-instant/reads/ByExp/sra/SRX/SRX013/SRX013037/SRR030303/SRR030303.sra
786	SRX013012	SRR030278	ftp://ftp-trace.ncbi.nih.gov/sra/sra-instant/reads/ByExp/sra/SRX/SRX013/SRX013012/SRR030278/SRR030278.sra
787	SRX013111	SRR030377	ftp://ftp-trace.ncbi.nih.gov/sra/sra-instant/reads/ByExp/sra/SRX/SRX013/SRX013111/SRR030377/SRR030377.sra
787	SRX013018	SRR030284	ftp://ftp-trace.ncbi.nih.gov/sra/sra-instant/reads/ByExp/sra/SRX/SRX013/SRX013018/SRR030284/SRR030284.sra
788	SRX013033	SRR030299	ftp://ftp-trace.ncbi.nih.gov/sra/sra-instant/reads/ByExp/sra/SRX/SRX013/SRX013033/SRR030299/SRR030299.sra
788	SRX013014	SRR030280	ftp://ftp-trace.ncbi.nih.gov/sra/sra-instant/reads/ByExp/sra/SRX/SRX013/SRX013014/SRR030280/SRR030280.sra
789	SRX013003	SRR030269	ftp://ftp-trace.ncbi.nih.gov/sra/sra-instant/reads/ByExp/sra/SRX/SRX013/SRX013003/SRR030269/SRR030269.sra
789	SRX013004	SRR030270	ftp://ftp-trace.ncbi.nih.gov/sra/sra-instant/reads/ByExp/sra/SRX/SRX013/SRX013004/SRR030270/SRR030270.sra
790	SRX013021	SRR030287	ftp://ftp-trace.ncbi.nih.gov/sra/sra-instant/reads/ByExp/sra/SRX/SRX013/SRX013021/SRR030287/SRR030287.sra
790	SRX013022	SRR030288	ftp://ftp-trace.ncbi.nih.gov/sra/sra-instant/reads/ByExp/sra/SRX/SRX013/SRX013022/SRR030288/SRR030288.sra
791	SRX013068	SRR030334	ftp://ftp-trace.ncbi.nih.gov/sra/sra-instant/reads/ByExp/sra/SRX/SRX013/SRX013068/SRR030334/SRR030334.sra
791	SRX013080	SRR030346	ftp://ftp-trace.ncbi.nih.gov/sra/sra-instant/reads/ByExp/sra/SRX/SRX013/SRX013080/SRR030346/SRR030346.sra
792	SRX013063	SRR030329	ftp://ftp-trace.ncbi.nih.gov/sra/sra-instant/reads/ByExp/sra/SRX/SRX013/SRX013063/SRR030329/SRR030329.sra
792	SRX013078	SRR030344	ftp://ftp-trace.ncbi.nih.gov/sra/sra-instant/reads/ByExp/sra/SRX/SRX013/SRX013078/SRR030344/SRR030344.sra
793	SRX013005	SRR030271	ftp://ftp-trace.ncbi.nih.gov/sra/sra-instant/reads/ByExp/sra/SRX/SRX013/SRX013005/SRR030271/SRR030271.sra
793	SRX013006	SRR030272	ftp://ftp-trace.ncbi.nih.gov/sra/sra-instant/reads/ByExp/sra/SRX/SRX013/SRX013006/SRR030272/SRR030272.sra
794	SRX013019	SRR030285	ftp://ftp-trace.ncbi.nih.gov/sra/sra-instant/reads/ByExp/sra/SRX/SRX013/SRX013019/SRR030285/SRR030285.sra
794	SRX013020	SRR030286	ftp://ftp-trace.ncbi.nih.gov/sra/sra-instant/reads/ByExp/sra/SRX/SRX013/SRX013020/SRR030286/SRR030286.sra
795	SRX013009	SRR030275	ftp://ftp-trace.ncbi.nih.gov/sra/sra-instant/reads/ByExp/sra/SRX/SRX013/SRX013009/SRR030275/SRR030275.sra
795	SRX013010	SRR030276	ftp://ftp-trace.ncbi.nih.gov/sra/sra-instant/reads/ByExp/sra/SRX/SRX013/SRX013010/SRR030276/SRR030276.sra
796	SRX013015	SRR030281	ftp://ftp-trace.ncbi.nih.gov/sra/sra-instant/reads/ByExp/sra/SRX/SRX013/SRX013015/SRR030281/SRR030281.sra
796	SRX013016	SRR030282	ftp://ftp-trace.ncbi.nih.gov/sra/sra-instant/reads/ByExp/sra/SRX/SRX013/SRX013016/SRR030282/SRR030282.sra
797	SRX013007	SRR030273	ftp://ftp-trace.ncbi.nih.gov/sra/sra-instant/reads/ByExp/sra/SRX/SRX013/SRX013007/SRR030273/SRR030273.sra
797	SRX013008	SRR030274	ftp://ftp-trace.ncbi.nih.gov/sra/sra-instant/reads/ByExp/sra/SRX/SRX013/SRX013008/SRR030274/SRR030274.sra
798	SRX013011	SRR030277	ftp://ftp-trace.ncbi.nih.gov/sra/sra-instant/reads/ByExp/sra/SRX/SRX013/SRX013011/SRR030277/SRR030277.sra
798	SRX013012	SRR030278	ftp://ftp-trace.ncbi.nih.gov/sra/sra-instant/reads/ByExp/sra/SRX/SRX013/SRX013012/SRR030278/SRR030278.sra
799	SRX013017	SRR030283	ftp://ftp-trace.ncbi.nih.gov/sra/sra-instant/reads/ByExp/sra/SRX/SRX013/SRX013017/SRR030283/SRR030283.sra
799	SRX013018	SRR030284	ftp://ftp-trace.ncbi.nih.gov/sra/sra-instant/reads/ByExp/sra/SRX/SRX013/SRX013018/SRR030284/SRR030284.sra
800	SRX013013	SRR030279	ftp://ftp-trace.ncbi.nih.gov/sra/sra-instant/reads/ByExp/sra/SRX/SRX013/SRX013013/SRR030279/SRR030279.sra
800	SRX013014	SRR030280	ftp://ftp-trace.ncbi.nih.gov/sra/sra-instant/reads/ByExp/sra/SRX/SRX013/SRX013014/SRR030280/SRR030280.sra
801	SRX013103	SRR030369	ftp://ftp-trace.ncbi.nih.gov/sra/sra-instant/reads/ByExp/sra/SRX/SRX013/SRX013103/SRR030369/SRR030369.sra
801	SRX013004	SRR030270	ftp://ftp-trace.ncbi.nih.gov/sra/sra-instant/reads/ByExp/sra/SRX/SRX013/SRX013004/SRR030270/SRR030270.sra
802	SRX013102	SRR030368	ftp://ftp-trace.ncbi.nih.gov/sra/sra-instant/reads/ByExp/sra/SRX/SRX013/SRX013102/SRR030368/SRR030368.sra
802	SRX013022	SRR030288	ftp://ftp-trace.ncbi.nih.gov/sra/sra-instant/reads/ByExp/sra/SRX/SRX013/SRX013022/SRR030288/SRR030288.sra
803	SRX013101	SRR030367	ftp://ftp-trace.ncbi.nih.gov/sra/sra-instant/reads/ByExp/sra/SRX/SRX013/SRX013101/SRR030367/SRR030367.sra
803	SRX013080	SRR030346	ftp://ftp-trace.ncbi.nih.gov/sra/sra-instant/reads/ByExp/sra/SRX/SRX013/SRX013080/SRR030346/SRR030346.sra
804	SRX013100	SRR030366	ftp://ftp-trace.ncbi.nih.gov/sra/sra-instant/reads/ByExp/sra/SRX/SRX013/SRX013100/SRR030366/SRR030366.sra
804	SRX013078	SRR030344	ftp://ftp-trace.ncbi.nih.gov/sra/sra-instant/reads/ByExp/sra/SRX/SRX013/SRX013078/SRR030344/SRR030344.sra
805	SRX013099	SRR030365	ftp://ftp-trace.ncbi.nih.gov/sra/sra-instant/reads/ByExp/sra/SRX/SRX013/SRX013099/SRR030365/SRR030365.sra
805	SRX013006	SRR030272	ftp://ftp-trace.ncbi.nih.gov/sra/sra-instant/reads/ByExp/sra/SRX/SRX013/SRX013006/SRR030272/SRR030272.sra
806	SRX013098	SRR030364	ftp://ftp-trace.ncbi.nih.gov/sra/sra-instant/reads/ByExp/sra/SRX/SRX013/SRX013098/SRR030364/SRR030364.sra
806	SRX013020	SRR030286	ftp://ftp-trace.ncbi.nih.gov/sra/sra-instant/reads/ByExp/sra/SRX/SRX013/SRX013020/SRR030286/SRR030286.sra
807	SRX013097	SRR030363	ftp://ftp-trace.ncbi.nih.gov/sra/sra-instant/reads/ByExp/sra/SRX/SRX013/SRX013097/SRR030363/SRR030363.sra
807	SRX013010	SRR030276	ftp://ftp-trace.ncbi.nih.gov/sra/sra-instant/reads/ByExp/sra/SRX/SRX013/SRX013010/SRR030276/SRR030276.sra
808	SRX013096	SRR030362	ftp://ftp-trace.ncbi.nih.gov/sra/sra-instant/reads/ByExp/sra/SRX/SRX013/SRX013096/SRR030362/SRR030362.sra
808	SRX013016	SRR030282	ftp://ftp-trace.ncbi.nih.gov/sra/sra-instant/reads/ByExp/sra/SRX/SRX013/SRX013016/SRR030282/SRR030282.sra
809	SRX013095	SRR030361	ftp://ftp-trace.ncbi.nih.gov/sra/sra-instant/reads/ByExp/sra/SRX/SRX013/SRX013095/SRR030361/SRR030361.sra
809	SRX013012	SRR030278	ftp://ftp-trace.ncbi.nih.gov/sra/sra-instant/reads/ByExp/sra/SRX/SRX013/SRX013012/SRR030278/SRR030278.sra
810	SRX013094	SRR030360	ftp://ftp-trace.ncbi.nih.gov/sra/sra-instant/reads/ByExp/sra/SRX/SRX013/SRX013094/SRR030360/SRR030360.sra
811	SRX013093	SRR030359	ftp://ftp-trace.ncbi.nih.gov/sra/sra-instant/reads/ByExp/sra/SRX/SRX013/SRX013093/SRR030359/SRR030359.sra
811	SRX013022	SRR030288	ftp://ftp-trace.ncbi.nih.gov/sra/sra-instant/reads/ByExp/sra/SRX/SRX013/SRX013022/SRR030288/SRR030288.sra
812	SRX013092	SRR030358	ftp://ftp-trace.ncbi.nih.gov/sra/sra-instant/reads/ByExp/sra/SRX/SRX013/SRX013092/SRR030358/SRR030358.sra
812	SRX013080	SRR030346	ftp://ftp-trace.ncbi.nih.gov/sra/sra-instant/reads/ByExp/sra/SRX/SRX013/SRX013080/SRR030346/SRR030346.sra
813	SRX013091	SRR030357	ftp://ftp-trace.ncbi.nih.gov/sra/sra-instant/reads/ByExp/sra/SRX/SRX013/SRX013091/SRR030357/SRR030357.sra
814	SRX013090	SRR030356	ftp://ftp-trace.ncbi.nih.gov/sra/sra-instant/reads/ByExp/sra/SRX/SRX013/SRX013090/SRR030356/SRR030356.sra
814	SRX013006	SRR030272	ftp://ftp-trace.ncbi.nih.gov/sra/sra-instant/reads/ByExp/sra/SRX/SRX013/SRX013006/SRR030272/SRR030272.sra
815	SRX013089	SRR030355	ftp://ftp-trace.ncbi.nih.gov/sra/sra-instant/reads/ByExp/sra/SRX/SRX013/SRX013089/SRR030355/SRR030355.sra
816	SRX013088	SRR030354	ftp://ftp-trace.ncbi.nih.gov/sra/sra-instant/reads/ByExp/sra/SRX/SRX013/SRX013088/SRR030354/SRR030354.sra
816	SRX013010	SRR030276	ftp://ftp-trace.ncbi.nih.gov/sra/sra-instant/reads/ByExp/sra/SRX/SRX013/SRX013010/SRR030276/SRR030276.sra
817	SRX013087	SRR030353	ftp://ftp-trace.ncbi.nih.gov/sra/sra-instant/reads/ByExp/sra/SRX/SRX013/SRX013087/SRR030353/SRR030353.sra
818	SRX013086	SRR030352	ftp://ftp-trace.ncbi.nih.gov/sra/sra-instant/reads/ByExp/sra/SRX/SRX013/SRX013086/SRR030352/SRR030352.sra
818	SRX013008	SRR030274	ftp://ftp-trace.ncbi.nih.gov/sra/sra-instant/reads/ByExp/sra/SRX/SRX013/SRX013008/SRR030274/SRR030274.sra
819	SRX013085	SRR030351	ftp://ftp-trace.ncbi.nih.gov/sra/sra-instant/reads/ByExp/sra/SRX/SRX013/SRX013085/SRR030351/SRR030351.sra
819	SRX013012	SRR030278	ftp://ftp-trace.ncbi.nih.gov/sra/sra-instant/reads/ByExp/sra/SRX/SRX013/SRX013012/SRR030278/SRR030278.sra
820	SRX013084	SRR030350	ftp://ftp-trace.ncbi.nih.gov/sra/sra-instant/reads/ByExp/sra/SRX/SRX013/SRX013084/SRR030350/SRR030350.sra
820	SRX013014	SRR030280	ftp://ftp-trace.ncbi.nih.gov/sra/sra-instant/reads/ByExp/sra/SRX/SRX013/SRX013014/SRR030280/SRR030280.sra
821	SRX013030	SRR030296	ftp://ftp-trace.ncbi.nih.gov/sra/sra-instant/reads/ByExp/sra/SRX/SRX013/SRX013030/SRR030296/SRR030296.sra
821	SRX013004	SRR030270	ftp://ftp-trace.ncbi.nih.gov/sra/sra-instant/reads/ByExp/sra/SRX/SRX013/SRX013004/SRR030270/SRR030270.sra
822	SRX013027	SRR030293	ftp://ftp-trace.ncbi.nih.gov/sra/sra-instant/reads/ByExp/sra/SRX/SRX013/SRX013027/SRR030293/SRR030293.sra
822	SRX013022	SRR030288	ftp://ftp-trace.ncbi.nih.gov/sra/sra-instant/reads/ByExp/sra/SRX/SRX013/SRX013022/SRR030288/SRR030288.sra
823	SRX013075	SRR030341	ftp://ftp-trace.ncbi.nih.gov/sra/sra-instant/reads/ByExp/sra/SRX/SRX013/SRX013075/SRR030341/SRR030341.sra
823	SRX013080	SRR030346	ftp://ftp-trace.ncbi.nih.gov/sra/sra-instant/reads/ByExp/sra/SRX/SRX013/SRX013080/SRR030346/SRR030346.sra
824	SRX013104	SRR030370	ftp://ftp-trace.ncbi.nih.gov/sra/sra-instant/reads/ByExp/sra/SRX/SRX013/SRX013104/SRR030370/SRR030370.sra
824	SRX013078	SRR030344	ftp://ftp-trace.ncbi.nih.gov/sra/sra-instant/reads/ByExp/sra/SRX/SRX013/SRX013078/SRR030344/SRR030344.sra
825	SRX013024	SRR030290	ftp://ftp-trace.ncbi.nih.gov/sra/sra-instant/reads/ByExp/sra/SRX/SRX013/SRX013024/SRR030290/SRR030290.sra
825	SRX013006	SRR030272	ftp://ftp-trace.ncbi.nih.gov/sra/sra-instant/reads/ByExp/sra/SRX/SRX013/SRX013006/SRR030272/SRR030272.sra
826	SRX013046	SRR030312	ftp://ftp-trace.ncbi.nih.gov/sra/sra-instant/reads/ByExp/sra/SRX/SRX013/SRX013046/SRR030312/SRR030312.sra
826	SRX013020	SRR030286	ftp://ftp-trace.ncbi.nih.gov/sra/sra-instant/reads/ByExp/sra/SRX/SRX013/SRX013020/SRR030286/SRR030286.sra
827	SRX013044	SRR030310	ftp://ftp-trace.ncbi.nih.gov/sra/sra-instant/reads/ByExp/sra/SRX/SRX013/SRX013044/SRR030310/SRR030310.sra
827	SRX013010	SRR030276	ftp://ftp-trace.ncbi.nih.gov/sra/sra-instant/reads/ByExp/sra/SRX/SRX013/SRX013010/SRR030276/SRR030276.sra
828	SRX013042	SRR030308	ftp://ftp-trace.ncbi.nih.gov/sra/sra-instant/reads/ByExp/sra/SRX/SRX013/SRX013042/SRR030308/SRR030308.sra
828	SRX013016	SRR030282	ftp://ftp-trace.ncbi.nih.gov/sra/sra-instant/reads/ByExp/sra/SRX/SRX013/SRX013016/SRR030282/SRR030282.sra
829	SRX013039	SRR030305	ftp://ftp-trace.ncbi.nih.gov/sra/sra-instant/reads/ByExp/sra/SRX/SRX013/SRX013039/SRR030305/SRR030305.sra
829	SRX013008	SRR030274	ftp://ftp-trace.ncbi.nih.gov/sra/sra-instant/reads/ByExp/sra/SRX/SRX013/SRX013008/SRR030274/SRR030274.sra
830	SRX013036	SRR030302	ftp://ftp-trace.ncbi.nih.gov/sra/sra-instant/reads/ByExp/sra/SRX/SRX013/SRX013036/SRR030302/SRR030302.sra
830	SRX013012	SRR030278	ftp://ftp-trace.ncbi.nih.gov/sra/sra-instant/reads/ByExp/sra/SRX/SRX013/SRX013012/SRR030278/SRR030278.sra
831	SRX013105	SRR030371	ftp://ftp-trace.ncbi.nih.gov/sra/sra-instant/reads/ByExp/sra/SRX/SRX013/SRX013105/SRR030371/SRR030371.sra
831	SRX013018	SRR030284	ftp://ftp-trace.ncbi.nih.gov/sra/sra-instant/reads/ByExp/sra/SRX/SRX013/SRX013018/SRR030284/SRR030284.sra
832	SRX013062	SRR030328	ftp://ftp-trace.ncbi.nih.gov/sra/sra-instant/reads/ByExp/sra/SRX/SRX013/SRX013062/SRR030328/SRR030328.sra
832	SRX013014	SRR030280	ftp://ftp-trace.ncbi.nih.gov/sra/sra-instant/reads/ByExp/sra/SRX/SRX013/SRX013014/SRR030280/SRR030280.sra
834	SRX013029	SRR030295	ftp://ftp-trace.ncbi.nih.gov/sra/sra-instant/reads/ByExp/sra/SRX/SRX013/SRX013029/SRR030295/SRR030295.sra
834	SRX013004	SRR030270	ftp://ftp-trace.ncbi.nih.gov/sra/sra-instant/reads/ByExp/sra/SRX/SRX013/SRX013004/SRR030270/SRR030270.sra
835	SRX013026	SRR030292	ftp://ftp-trace.ncbi.nih.gov/sra/sra-instant/reads/ByExp/sra/SRX/SRX013/SRX013026/SRR030292/SRR030292.sra
836	SRX013066	SRR030332	ftp://ftp-trace.ncbi.nih.gov/sra/sra-instant/reads/ByExp/sra/SRX/SRX013/SRX013066/SRR030332/SRR030332.sra
836	SRX013080	SRR030346	ftp://ftp-trace.ncbi.nih.gov/sra/sra-instant/reads/ByExp/sra/SRX/SRX013/SRX013080/SRR030346/SRR030346.sra
837	SRX013065	SRR030331	ftp://ftp-trace.ncbi.nih.gov/sra/sra-instant/reads/ByExp/sra/SRX/SRX013/SRX013065/SRR030331/SRR030331.sra
837	SRX013078	SRR030344	ftp://ftp-trace.ncbi.nih.gov/sra/sra-instant/reads/ByExp/sra/SRX/SRX013/SRX013078/SRR030344/SRR030344.sra
838	SRX013023	SRR030289	ftp://ftp-trace.ncbi.nih.gov/sra/sra-instant/reads/ByExp/sra/SRX/SRX013/SRX013023/SRR030289/SRR030289.sra
838	SRX013006	SRR030272	ftp://ftp-trace.ncbi.nih.gov/sra/sra-instant/reads/ByExp/sra/SRX/SRX013/SRX013006/SRR030272/SRR030272.sra
839	SRX013045	SRR030311	ftp://ftp-trace.ncbi.nih.gov/sra/sra-instant/reads/ByExp/sra/SRX/SRX013/SRX013045/SRR030311/SRR030311.sra
839	SRX013020	SRR030286	ftp://ftp-trace.ncbi.nih.gov/sra/sra-instant/reads/ByExp/sra/SRX/SRX013/SRX013020/SRR030286/SRR030286.sra
840	SRX013064	SRR030330	ftp://ftp-trace.ncbi.nih.gov/sra/sra-instant/reads/ByExp/sra/SRX/SRX013/SRX013064/SRR030330/SRR030330.sra
840	SRX013010	SRR030276	ftp://ftp-trace.ncbi.nih.gov/sra/sra-instant/reads/ByExp/sra/SRX/SRX013/SRX013010/SRR030276/SRR030276.sra
841	SRX013041	SRR030307	ftp://ftp-trace.ncbi.nih.gov/sra/sra-instant/reads/ByExp/sra/SRX/SRX013/SRX013041/SRR030307/SRR030307.sra
841	SRX013016	SRR030282	ftp://ftp-trace.ncbi.nih.gov/sra/sra-instant/reads/ByExp/sra/SRX/SRX013/SRX013016/SRR030282/SRR030282.sra
842	SRX013038	SRR030304	ftp://ftp-trace.ncbi.nih.gov/sra/sra-instant/reads/ByExp/sra/SRX/SRX013/SRX013038/SRR030304/SRR030304.sra
842	SRX013008	SRR030274	ftp://ftp-trace.ncbi.nih.gov/sra/sra-instant/reads/ByExp/sra/SRX/SRX013/SRX013008/SRR030274/SRR030274.sra
843	SRX013035	SRR030301	ftp://ftp-trace.ncbi.nih.gov/sra/sra-instant/reads/ByExp/sra/SRX/SRX013/SRX013035/SRR030301/SRR030301.sra
843	SRX013012	SRR030278	ftp://ftp-trace.ncbi.nih.gov/sra/sra-instant/reads/ByExp/sra/SRX/SRX013/SRX013012/SRR030278/SRR030278.sra
844	SRX013034	SRR030300	ftp://ftp-trace.ncbi.nih.gov/sra/sra-instant/reads/ByExp/sra/SRX/SRX013/SRX013034/SRR030300/SRR030300.sra
844	SRX013018	SRR030284	ftp://ftp-trace.ncbi.nih.gov/sra/sra-instant/reads/ByExp/sra/SRX/SRX013/SRX013018/SRR030284/SRR030284.sra
845	SRX013032	SRR030298	ftp://ftp-trace.ncbi.nih.gov/sra/sra-instant/reads/ByExp/sra/SRX/SRX013/SRX013032/SRR030298/SRR030298.sra
845	SRX013014	SRR030280	ftp://ftp-trace.ncbi.nih.gov/sra/sra-instant/reads/ByExp/sra/SRX/SRX013/SRX013014/SRR030280/SRR030280.sra
846	SRX013061	SRR030327	ftp://ftp-trace.ncbi.nih.gov/sra/sra-instant/reads/ByExp/sra/SRX/SRX013/SRX013061/SRR030327/SRR030327.sra
846	SRX013079	SRR030345	ftp://ftp-trace.ncbi.nih.gov/sra/sra-instant/reads/ByExp/sra/SRX/SRX013/SRX013079/SRR030345/SRR030345.sra
847	SRX013077	SRR030343	ftp://ftp-trace.ncbi.nih.gov/sra/sra-instant/reads/ByExp/sra/SRX/SRX013/SRX013077/SRR030343/SRR030343.sra
848	SRX013107	SRR030373	ftp://ftp-trace.ncbi.nih.gov/sra/sra-instant/reads/ByExp/sra/SRX/SRX013/SRX013107/SRR030373/SRR030373.sra
849	SRX013067	SRR030333	ftp://ftp-trace.ncbi.nih.gov/sra/sra-instant/reads/ByExp/sra/SRX/SRX013/SRX013067/SRR030333/SRR030333.sra
850	SRX013106	SRR030372	ftp://ftp-trace.ncbi.nih.gov/sra/sra-instant/reads/ByExp/sra/SRX/SRX013/SRX013106/SRR030372/SRR030372.sra
851	SRX013072	SRR030338	ftp://ftp-trace.ncbi.nih.gov/sra/sra-instant/reads/ByExp/sra/SRX/SRX013/SRX013072/SRR030338/SRR030338.sra
851	SRX013081	SRR030347	ftp://ftp-trace.ncbi.nih.gov/sra/sra-instant/reads/ByExp/sra/SRX/SRX013/SRX013081/SRR030347/SRR030347.sra
852	SRX013070	SRR030336	ftp://ftp-trace.ncbi.nih.gov/sra/sra-instant/reads/ByExp/sra/SRX/SRX013/SRX013070/SRR030336/SRR030336.sra
852	SRX013082	SRR030348	ftp://ftp-trace.ncbi.nih.gov/sra/sra-instant/reads/ByExp/sra/SRX/SRX013/SRX013082/SRR030348/SRR030348.sra
853	SRX013069	SRR030335	ftp://ftp-trace.ncbi.nih.gov/sra/sra-instant/reads/ByExp/sra/SRX/SRX013/SRX013069/SRR030335/SRR030335.sra
853	SRX013083	SRR030349	ftp://ftp-trace.ncbi.nih.gov/sra/sra-instant/reads/ByExp/sra/SRX/SRX013/SRX013083/SRR030349/SRR030349.sra
854	SRX013109	SRR030375	ftp://ftp-trace.ncbi.nih.gov/sra/sra-instant/reads/ByExp/sra/SRX/SRX013/SRX013109/SRR030375/SRR030375.sra
855	SRX013053	SRR030319	ftp://ftp-trace.ncbi.nih.gov/sra/sra-instant/reads/ByExp/sra/SRX/SRX013/SRX013053/SRR030319/SRR030319.sra
855	SRX013054	SRR030320	ftp://ftp-trace.ncbi.nih.gov/sra/sra-instant/reads/ByExp/sra/SRX/SRX013/SRX013054/SRR030320/SRR030320.sra
856	SRX013051	SRR030317	ftp://ftp-trace.ncbi.nih.gov/sra/sra-instant/reads/ByExp/sra/SRX/SRX013/SRX013051/SRR030317/SRR030317.sra
856	SRX013052	SRR030318	ftp://ftp-trace.ncbi.nih.gov/sra/sra-instant/reads/ByExp/sra/SRX/SRX013/SRX013052/SRR030318/SRR030318.sra
857	SRX013067	SRR030333	ftp://ftp-trace.ncbi.nih.gov/sra/sra-instant/reads/ByExp/sra/SRX/SRX013/SRX013067/SRR030333/SRR030333.sra
858	SRX013108	SRR030374	ftp://ftp-trace.ncbi.nih.gov/sra/sra-instant/reads/ByExp/sra/SRX/SRX013/SRX013108/SRR030374/SRR030374.sra
859	SRX013055	SRR030321	ftp://ftp-trace.ncbi.nih.gov/sra/sra-instant/reads/ByExp/sra/SRX/SRX013/SRX013055/SRR030321/SRR030321.sra
859	SRX013056	SRR030322	ftp://ftp-trace.ncbi.nih.gov/sra/sra-instant/reads/ByExp/sra/SRX/SRX013/SRX013056/SRR030322/SRR030322.sra
860	SRX013057	SRR030323	ftp://ftp-trace.ncbi.nih.gov/sra/sra-instant/reads/ByExp/sra/SRX/SRX013/SRX013057/SRR030323/SRR030323.sra
860	SRX013058	SRR030324	ftp://ftp-trace.ncbi.nih.gov/sra/sra-instant/reads/ByExp/sra/SRX/SRX013/SRX013058/SRR030324/SRR030324.sra
861	SRX013059	SRR030325	ftp://ftp-trace.ncbi.nih.gov/sra/sra-instant/reads/ByExp/sra/SRX/SRX013/SRX013059/SRR030325/SRR030325.sra
861	SRX013060	SRR030326	ftp://ftp-trace.ncbi.nih.gov/sra/sra-instant/reads/ByExp/sra/SRX/SRX013/SRX013060/SRR030326/SRR030326.sra
862	SRX013047	SRR030313	ftp://ftp-trace.ncbi.nih.gov/sra/sra-instant/reads/ByExp/sra/SRX/SRX013/SRX013047/SRR030313/SRR030313.sra
862	SRX013048	SRR030314	ftp://ftp-trace.ncbi.nih.gov/sra/sra-instant/reads/ByExp/sra/SRX/SRX013/SRX013048/SRR030314/SRR030314.sra
863	SRX013049	SRR030315	ftp://ftp-trace.ncbi.nih.gov/sra/sra-instant/reads/ByExp/sra/SRX/SRX013/SRX013049/SRR030315/SRR030315.sra
863	SRX013050	SRR030316	ftp://ftp-trace.ncbi.nih.gov/sra/sra-instant/reads/ByExp/sra/SRX/SRX013/SRX013050/SRR030316/SRR030316.sra
895	SRX013041	SRR030307	ftp://ftp-trace.ncbi.nih.gov/sra/sra-instant/reads/ByExp/sra/SRX/SRX013/SRX013041/SRR030307/SRR030307.sra
895	SRX013016	SRR030282	ftp://ftp-trace.ncbi.nih.gov/sra/sra-instant/reads/ByExp/sra/SRX/SRX013/SRX013016/SRR030282/SRR030282.sra
984	SRX013072	SRR030338	ftp://ftp-trace.ncbi.nih.gov/sra/sra-instant/reads/ByExp/sra/SRX/SRX013/SRX013072/SRR030338/SRR030338.sra
984	SRX013081	SRR030347	ftp://ftp-trace.ncbi.nih.gov/sra/sra-instant/reads/ByExp/sra/SRX/SRX013/SRX013081/SRR030347/SRR030347.sra
985	SRX013116	SRR030382	ftp://ftp-trace.ncbi.nih.gov/sra/sra-instant/reads/ByExp/sra/SRX/SRX013/SRX013116/SRR030382/SRR030382.sra
985	SRX013115	SRR030381	ftp://ftp-trace.ncbi.nih.gov/sra/sra-instant/reads/ByExp/sra/SRX/SRX013/SRX013115/SRR030381/SRR030381.sra
2010	SRX012977	SRR030232	ftp://ftp-trace.ncbi.nih.gov/sra/sra-instant/reads/ByExp/sra/SRX/SRX012/SRX012977/SRR030232/SRR030232.sra
2010	SRX012977	SRR030233	ftp://ftp-trace.ncbi.nih.gov/sra/sra-instant/reads/ByExp/sra/SRX/SRX012/SRX012977/SRR030233/SRR030233.sra
2019	SRX012980	SRR030238	ftp://ftp-trace.ncbi.nih.gov/sra/sra-instant/reads/ByExp/sra/SRX/SRX012/SRX012980/SRR030238/SRR030238.sra
2019	SRX012980	SRR030239	ftp://ftp-trace.ncbi.nih.gov/sra/sra-instant/reads/ByExp/sra/SRX/SRX012/SRX012980/SRR030239/SRR030239.sra
2020	SRX012979	SRR030236	ftp://ftp-trace.ncbi.nih.gov/sra/sra-instant/reads/ByExp/sra/SRX/SRX012/SRX012979/SRR030236/SRR030236.sra
2020	SRX012979	SRR030237	ftp://ftp-trace.ncbi.nih.gov/sra/sra-instant/reads/ByExp/sra/SRX/SRX012/SRX012979/SRR030237/SRR030237.sra
2021	SRX012974	SRR030226	ftp://ftp-trace.ncbi.nih.gov/sra/sra-instant/reads/ByExp/sra/SRX/SRX012/SRX012974/SRR030226/SRR030226.sra
2021	SRX012974	SRR030227	ftp://ftp-trace.ncbi.nih.gov/sra/sra-instant/reads/ByExp/sra/SRX/SRX012/SRX012974/SRR030227/SRR030227.sra
2022	SRX012978	SRR030234	ftp://ftp-trace.ncbi.nih.gov/sra/sra-instant/reads/ByExp/sra/SRX/SRX012/SRX012978/SRR030234/SRR030234.sra
2022	SRX012978	SRR030235	ftp://ftp-trace.ncbi.nih.gov/sra/sra-instant/reads/ByExp/sra/SRX/SRX012/SRX012978/SRR030235/SRR030235.sra
2023	SRX012981	SRR030240	ftp://ftp-trace.ncbi.nih.gov/sra/sra-instant/reads/ByExp/sra/SRX/SRX012/SRX012981/SRR030240/SRR030240.sra
2023	SRX012981	SRR030241	ftp://ftp-trace.ncbi.nih.gov/sra/sra-instant/reads/ByExp/sra/SRX/SRX012/SRX012981/SRR030241/SRR030241.sra
2024	SRX012982	SRR030242	ftp://ftp-trace.ncbi.nih.gov/sra/sra-instant/reads/ByExp/sra/SRX/SRX012/SRX012982/SRR030242/SRR030242.sra
2024	SRX012982	SRR030243	ftp://ftp-trace.ncbi.nih.gov/sra/sra-instant/reads/ByExp/sra/SRX/SRX012/SRX012982/SRR030243/SRR030243.sra
2025	SRX012985	SRR030248	ftp://ftp-trace.ncbi.nih.gov/sra/sra-instant/reads/ByExp/sra/SRX/SRX012/SRX012985/SRR030248/SRR030248.sra
2025	SRX012985	SRR030249	ftp://ftp-trace.ncbi.nih.gov/sra/sra-instant/reads/ByExp/sra/SRX/SRX012/SRX012985/SRR030249/SRR030249.sra
2026	SRX012976	SRR030230	ftp://ftp-trace.ncbi.nih.gov/sra/sra-instant/reads/ByExp/sra/SRX/SRX012/SRX012976/SRR030230/SRR030230.sra
2026	SRX012976	SRR030231	ftp://ftp-trace.ncbi.nih.gov/sra/sra-instant/reads/ByExp/sra/SRX/SRX012/SRX012976/SRR030231/SRR030231.sra
2027	SRX012975	SRR030228	ftp://ftp-trace.ncbi.nih.gov/sra/sra-instant/reads/ByExp/sra/SRX/SRX012/SRX012975/SRR030228/SRR030228.sra
2027	SRX012975	SRR030229	ftp://ftp-trace.ncbi.nih.gov/sra/sra-instant/reads/ByExp/sra/SRX/SRX012/SRX012975/SRR030229/SRR030229.sra
2029	SRX012983	SRR030244	ftp://ftp-trace.ncbi.nih.gov/sra/sra-instant/reads/ByExp/sra/SRX/SRX012/SRX012983/SRR030244/SRR030244.sra
2029	SRX012983	SRR030245	ftp://ftp-trace.ncbi.nih.gov/sra/sra-instant/reads/ByExp/sra/SRX/SRX012/SRX012983/SRR030245/SRR030245.sra
2030	SRX012984	SRR030246	ftp://ftp-trace.ncbi.nih.gov/sra/sra-instant/reads/ByExp/sra/SRX/SRX012/SRX012984/SRR030246/SRR030246.sra
2030	SRX012984	SRR030247	ftp://ftp-trace.ncbi.nih.gov/sra/sra-instant/reads/ByExp/sra/SRX/SRX012/SRX012984/SRR030247/SRR030247.sra
2374	SRX005026	SRR016855	ftp://ftp-trace.ncbi.nih.gov/sra/sra-instant/reads/ByExp/sra/SRX/SRX005/SRX005026/SRR016855/SRR016855.sra
2375	SRX003967	SRR015372	ftp://ftp-trace.ncbi.nih.gov/sra/sra-instant/reads/ByExp/sra/SRX/SRX003/SRX003967/SRR015372/SRR015372.sra
2376	SRX005024	SRR016853	ftp://ftp-trace.ncbi.nih.gov/sra/sra-instant/reads/ByExp/sra/SRX/SRX005/SRX005024/SRR016853/SRR016853.sra
2416	SRX003831	SRR015071	ftp://ftp-trace.ncbi.nih.gov/sra/sra-instant/reads/ByExp/sra/SRX/SRX003/SRX003831/SRR015071/SRR015071.sra
2416	SRX003830	SRR015070	ftp://ftp-trace.ncbi.nih.gov/sra/sra-instant/reads/ByExp/sra/SRX/SRX003/SRX003830/SRR015070/SRR015070.sra
2416	SRX003833	SRR015073	ftp://ftp-trace.ncbi.nih.gov/sra/sra-instant/reads/ByExp/sra/SRX/SRX003/SRX003833/SRR015073/SRR015073.sra
2416	SRX003832	SRR015072	ftp://ftp-trace.ncbi.nih.gov/sra/sra-instant/reads/ByExp/sra/SRX/SRX003/SRX003832/SRR015072/SRR015072.sra
2483	SRX012407	SRR029428	ftp://ftp-trace.ncbi.nih.gov/sra/sra-instant/reads/ByExp/sra/SRX/SRX012/SRX012407/SRR029428/SRR029428.sra
2485	SRX012402	SRR029423	ftp://ftp-trace.ncbi.nih.gov/sra/sra-instant/reads/ByExp/sra/SRX/SRX012/SRX012402/SRR029423/SRR029423.sra
2486	SRX012403	SRR029424	ftp://ftp-trace.ncbi.nih.gov/sra/sra-instant/reads/ByExp/sra/SRX/SRX012/SRX012403/SRR029424/SRR029424.sra
2487	SRX012404	SRR029425	ftp://ftp-trace.ncbi.nih.gov/sra/sra-instant/reads/ByExp/sra/SRX/SRX012/SRX012404/SRR029425/SRR029425.sra
2488	SRX012405	SRR029426	ftp://ftp-trace.ncbi.nih.gov/sra/sra-instant/reads/ByExp/sra/SRX/SRX012/SRX012405/SRR029426/SRR029426.sra
2489	SRX012406	SRR029427	ftp://ftp-trace.ncbi.nih.gov/sra/sra-instant/reads/ByExp/sra/SRX/SRX012/SRX012406/SRR029427/SRR029427.sra
2554	SRX005025	SRR016854	ftp://ftp-trace.ncbi.nih.gov/sra/sra-instant/reads/ByExp/sra/SRX/SRX005/SRX005025/SRR016854/SRR016854.sra
2555	SRX005023	SRR018039	ftp://ftp-trace.ncbi.nih.gov/sra/sra-instant/reads/ByExp/sra/SRX/SRX005/SRX005023/SRR018039/SRR018039.sra
2605	SRX006980	SRR019717	ftp://ftp-trace.ncbi.nih.gov/sra/sra-instant/reads/ByExp/sra/SRX/SRX006/SRX006980/SRR019717/SRR019717.sra
2605	SRX006981	SRR019718	ftp://ftp-trace.ncbi.nih.gov/sra/sra-instant/reads/ByExp/sra/SRX/SRX006/SRX006981/SRR019718/SRR019718.sra
2605	SRX006982	SRR019719	ftp://ftp-trace.ncbi.nih.gov/sra/sra-instant/reads/ByExp/sra/SRX/SRX006/SRX006982/SRR019719/SRR019719.sra
2605	SRX006983	SRR019720	ftp://ftp-trace.ncbi.nih.gov/sra/sra-instant/reads/ByExp/sra/SRX/SRX006/SRX006983/SRR019720/SRR019720.sra
2606	SRX011859	SRR028728	ftp://ftp-trace.ncbi.nih.gov/sra/sra-instant/reads/ByExp/sra/SRX/SRX011/SRX011859/SRR028728/SRR028728.sra
2606	SRX011860	SRR028729	ftp://ftp-trace.ncbi.nih.gov/sra/sra-instant/reads/ByExp/sra/SRX/SRX011/SRX011860/SRR028729/SRR028729.sra
2608	SRX002618	SRR013547	ftp://ftp-trace.ncbi.nih.gov/sra/sra-instant/reads/ByExp/sra/SRX/SRX002/SRX002618/SRR013547/SRR013547.sra
2608	SRX002619	SRR013548	ftp://ftp-trace.ncbi.nih.gov/sra/sra-instant/reads/ByExp/sra/SRX/SRX002/SRX002619/SRR013548/SRR013548.sra
2625	SRX016140	SRR034691	ftp://ftp-trace.ncbi.nih.gov/sra/sra-instant/reads/ByExp/sra/SRX/SRX016/SRX016140/SRR034691/SRR034691.sra
2625	SRX016141	SRR034692	ftp://ftp-trace.ncbi.nih.gov/sra/sra-instant/reads/ByExp/sra/SRX/SRX016/SRX016141/SRR034692/SRR034692.sra
2626	SRX016153	SRR034714	ftp://ftp-trace.ncbi.nih.gov/sra/sra-instant/reads/ByExp/sra/SRX/SRX016/SRX016153/SRR034714/SRR034714.sra
2626	SRX016153	SRR034715	ftp://ftp-trace.ncbi.nih.gov/sra/sra-instant/reads/ByExp/sra/SRX/SRX016/SRX016153/SRR034715/SRR034715.sra
2626	SRX016154	SRR034716	ftp://ftp-trace.ncbi.nih.gov/sra/sra-instant/reads/ByExp/sra/SRX/SRX016/SRX016154/SRR034716/SRR034716.sra
2626	SRX016155	SRR034717	ftp://ftp-trace.ncbi.nih.gov/sra/sra-instant/reads/ByExp/sra/SRX/SRX016/SRX016155/SRR034717/SRR034717.sra
2627	SRX016142	SRR034693	ftp://ftp-trace.ncbi.nih.gov/sra/sra-instant/reads/ByExp/sra/SRX/SRX016/SRX016142/SRR034693/SRR034693.sra
2627	SRX016142	SRR034694	ftp://ftp-trace.ncbi.nih.gov/sra/sra-instant/reads/ByExp/sra/SRX/SRX016/SRX016142/SRR034694/SRR034694.sra
2627	SRX016143	SRR034695	ftp://ftp-trace.ncbi.nih.gov/sra/sra-instant/reads/ByExp/sra/SRX/SRX016/SRX016143/SRR034695/SRR034695.sra
2628	SRX016144	SRR034696	ftp://ftp-trace.ncbi.nih.gov/sra/sra-instant/reads/ByExp/sra/SRX/SRX016/SRX016144/SRR034696/SRR034696.sra
2628	SRX016144	SRR034697	ftp://ftp-trace.ncbi.nih.gov/sra/sra-instant/reads/ByExp/sra/SRX/SRX016/SRX016144/SRR034697/SRR034697.sra
2628	SRX016143	SRR034695	ftp://ftp-trace.ncbi.nih.gov/sra/sra-instant/reads/ByExp/sra/SRX/SRX016/SRX016143/SRR034695/SRR034695.sra
2629	SRX016145	SRR034698	ftp://ftp-trace.ncbi.nih.gov/sra/sra-instant/reads/ByExp/sra/SRX/SRX016/SRX016145/SRR034698/SRR034698.sra
2629	SRX016145	SRR034699	ftp://ftp-trace.ncbi.nih.gov/sra/sra-instant/reads/ByExp/sra/SRX/SRX016/SRX016145/SRR034699/SRR034699.sra
2629	SRX016143	SRR034695	ftp://ftp-trace.ncbi.nih.gov/sra/sra-instant/reads/ByExp/sra/SRX/SRX016/SRX016143/SRR034695/SRR034695.sra
2630	SRX016146	SRR034700	ftp://ftp-trace.ncbi.nih.gov/sra/sra-instant/reads/ByExp/sra/SRX/SRX016/SRX016146/SRR034700/SRR034700.sra
2630	SRX016146	SRR034701	ftp://ftp-trace.ncbi.nih.gov/sra/sra-instant/reads/ByExp/sra/SRX/SRX016/SRX016146/SRR034701/SRR034701.sra
2630	SRX016143	SRR034695	ftp://ftp-trace.ncbi.nih.gov/sra/sra-instant/reads/ByExp/sra/SRX/SRX016/SRX016143/SRR034695/SRR034695.sra
2631	SRX016147	SRR034702	ftp://ftp-trace.ncbi.nih.gov/sra/sra-instant/reads/ByExp/sra/SRX/SRX016/SRX016147/SRR034702/SRR034702.sra
2631	SRX016147	SRR034703	ftp://ftp-trace.ncbi.nih.gov/sra/sra-instant/reads/ByExp/sra/SRX/SRX016/SRX016147/SRR034703/SRR034703.sra
2631	SRX016143	SRR034695	ftp://ftp-trace.ncbi.nih.gov/sra/sra-instant/reads/ByExp/sra/SRX/SRX016/SRX016143/SRR034695/SRR034695.sra
2632	SRX016148	SRR034704	ftp://ftp-trace.ncbi.nih.gov/sra/sra-instant/reads/ByExp/sra/SRX/SRX016/SRX016148/SRR034704/SRR034704.sra
2632	SRX016148	SRR034705	ftp://ftp-trace.ncbi.nih.gov/sra/sra-instant/reads/ByExp/sra/SRX/SRX016/SRX016148/SRR034705/SRR034705.sra
2632	SRX016143	SRR034695	ftp://ftp-trace.ncbi.nih.gov/sra/sra-instant/reads/ByExp/sra/SRX/SRX016/SRX016143/SRR034695/SRR034695.sra
2633	SRX016149	SRR034706	ftp://ftp-trace.ncbi.nih.gov/sra/sra-instant/reads/ByExp/sra/SRX/SRX016/SRX016149/SRR034706/SRR034706.sra
2633	SRX016149	SRR034707	ftp://ftp-trace.ncbi.nih.gov/sra/sra-instant/reads/ByExp/sra/SRX/SRX016/SRX016149/SRR034707/SRR034707.sra
2633	SRX016143	SRR034695	ftp://ftp-trace.ncbi.nih.gov/sra/sra-instant/reads/ByExp/sra/SRX/SRX016/SRX016143/SRR034695/SRR034695.sra
2634	SRX016150	SRR034708	ftp://ftp-trace.ncbi.nih.gov/sra/sra-instant/reads/ByExp/sra/SRX/SRX016/SRX016150/SRR034708/SRR034708.sra
2634	SRX016150	SRR034709	ftp://ftp-trace.ncbi.nih.gov/sra/sra-instant/reads/ByExp/sra/SRX/SRX016/SRX016150/SRR034709/SRR034709.sra
2634	SRX016143	SRR034695	ftp://ftp-trace.ncbi.nih.gov/sra/sra-instant/reads/ByExp/sra/SRX/SRX016/SRX016143/SRR034695/SRR034695.sra
2635	SRX016151	SRR034710	ftp://ftp-trace.ncbi.nih.gov/sra/sra-instant/reads/ByExp/sra/SRX/SRX016/SRX016151/SRR034710/SRR034710.sra
2635	SRX016151	SRR034711	ftp://ftp-trace.ncbi.nih.gov/sra/sra-instant/reads/ByExp/sra/SRX/SRX016/SRX016151/SRR034711/SRR034711.sra
2635	SRX016143	SRR034695	ftp://ftp-trace.ncbi.nih.gov/sra/sra-instant/reads/ByExp/sra/SRX/SRX016/SRX016143/SRR034695/SRR034695.sra
2636	SRX016152	SRR034712	ftp://ftp-trace.ncbi.nih.gov/sra/sra-instant/reads/ByExp/sra/SRX/SRX016/SRX016152/SRR034712/SRR034712.sra
2636	SRX016152	SRR034713	ftp://ftp-trace.ncbi.nih.gov/sra/sra-instant/reads/ByExp/sra/SRX/SRX016/SRX016152/SRR034713/SRR034713.sra
2636	SRX016143	SRR034695	ftp://ftp-trace.ncbi.nih.gov/sra/sra-instant/reads/ByExp/sra/SRX/SRX016/SRX016143/SRR034695/SRR034695.sra
2637	SRX016156	SRR034718	ftp://ftp-trace.ncbi.nih.gov/sra/sra-instant/reads/ByExp/sra/SRX/SRX016/SRX016156/SRR034718/SRR034718.sra
2637	SRX016157	SRR034719	ftp://ftp-trace.ncbi.nih.gov/sra/sra-instant/reads/ByExp/sra/SRX/SRX016/SRX016157/SRR034719/SRR034719.sra
2640	SRX016170	SRR034738	ftp://ftp-trace.ncbi.nih.gov/sra/sra-instant/reads/ByExp/sra/SRX/SRX016/SRX016170/SRR034738/SRR034738.sra
2640	SRX016170	SRR034739	ftp://ftp-trace.ncbi.nih.gov/sra/sra-instant/reads/ByExp/sra/SRX/SRX016/SRX016170/SRR034739/SRR034739.sra
2640	SRX016170	SRR034740	ftp://ftp-trace.ncbi.nih.gov/sra/sra-instant/reads/ByExp/sra/SRX/SRX016/SRX016170/SRR034740/SRR034740.sra
2640	SRX016171	SRR034741	ftp://ftp-trace.ncbi.nih.gov/sra/sra-instant/reads/ByExp/sra/SRX/SRX016/SRX016171/SRR034741/SRR034741.sra
2640	SRX016172	SRR034742	ftp://ftp-trace.ncbi.nih.gov/sra/sra-instant/reads/ByExp/sra/SRX/SRX016/SRX016172/SRR034742/SRR034742.sra
2640	SRX016173	SRR034743	ftp://ftp-trace.ncbi.nih.gov/sra/sra-instant/reads/ByExp/sra/SRX/SRX016/SRX016173/SRR034743/SRR034743.sra
2641	SRX016166	SRR034732	ftp://ftp-trace.ncbi.nih.gov/sra/sra-instant/reads/ByExp/sra/SRX/SRX016/SRX016166/SRR034732/SRR034732.sra
2641	SRX016166	SRR034733	ftp://ftp-trace.ncbi.nih.gov/sra/sra-instant/reads/ByExp/sra/SRX/SRX016/SRX016166/SRR034733/SRR034733.sra
2641	SRX016166	SRR034734	ftp://ftp-trace.ncbi.nih.gov/sra/sra-instant/reads/ByExp/sra/SRX/SRX016/SRX016166/SRR034734/SRR034734.sra
2641	SRX016167	SRR034735	ftp://ftp-trace.ncbi.nih.gov/sra/sra-instant/reads/ByExp/sra/SRX/SRX016/SRX016167/SRR034735/SRR034735.sra
2641	SRX016168	SRR034736	ftp://ftp-trace.ncbi.nih.gov/sra/sra-instant/reads/ByExp/sra/SRX/SRX016/SRX016168/SRR034736/SRR034736.sra
2641	SRX016169	SRR034737	ftp://ftp-trace.ncbi.nih.gov/sra/sra-instant/reads/ByExp/sra/SRX/SRX016/SRX016169/SRR034737/SRR034737.sra
2642	SRX016162	SRR034726	ftp://ftp-trace.ncbi.nih.gov/sra/sra-instant/reads/ByExp/sra/SRX/SRX016/SRX016162/SRR034726/SRR034726.sra
2642	SRX016162	SRR034727	ftp://ftp-trace.ncbi.nih.gov/sra/sra-instant/reads/ByExp/sra/SRX/SRX016/SRX016162/SRR034727/SRR034727.sra
2642	SRX016162	SRR034728	ftp://ftp-trace.ncbi.nih.gov/sra/sra-instant/reads/ByExp/sra/SRX/SRX016/SRX016162/SRR034728/SRR034728.sra
2642	SRX016163	SRR034729	ftp://ftp-trace.ncbi.nih.gov/sra/sra-instant/reads/ByExp/sra/SRX/SRX016/SRX016163/SRR034729/SRR034729.sra
2642	SRX016164	SRR034730	ftp://ftp-trace.ncbi.nih.gov/sra/sra-instant/reads/ByExp/sra/SRX/SRX016/SRX016164/SRR034730/SRR034730.sra
2642	SRX016165	SRR034731	ftp://ftp-trace.ncbi.nih.gov/sra/sra-instant/reads/ByExp/sra/SRX/SRX016/SRX016165/SRR034731/SRR034731.sra
2725	SRX002678	SRR013618	ftp://ftp-trace.ncbi.nih.gov/sra/sra-instant/reads/ByExp/sra/SRX/SRX002/SRX002678/SRR013618/SRR013618.sra
2741	SRX003183	SRR014367	ftp://ftp-trace.ncbi.nih.gov/sra/sra-instant/reads/ByExp/sra/SRX/SRX003/SRX003183/SRR014367/SRR014367.sra
2753	SRX017462	SRR037519	ftp://ftp-trace.ncbi.nih.gov/sra/sra-instant/reads/ByExp/sra/SRX/SRX017/SRX017462/SRR037519/SRR037519.sra
2753	SRX017463	SRR037520	ftp://ftp-trace.ncbi.nih.gov/sra/sra-instant/reads/ByExp/sra/SRX/SRX017/SRX017463/SRR037520/SRR037520.sra
2753	SRX017464	SRR037521	ftp://ftp-trace.ncbi.nih.gov/sra/sra-instant/reads/ByExp/sra/SRX/SRX017/SRX017464/SRR037521/SRR037521.sra
2754	SRX017465	SRR037522	ftp://ftp-trace.ncbi.nih.gov/sra/sra-instant/reads/ByExp/sra/SRX/SRX017/SRX017465/SRR037522/SRR037522.sra
2754	SRX017466	SRR037523	ftp://ftp-trace.ncbi.nih.gov/sra/sra-instant/reads/ByExp/sra/SRX/SRX017/SRX017466/SRR037523/SRR037523.sra
2754	SRX017467	SRR037524	ftp://ftp-trace.ncbi.nih.gov/sra/sra-instant/reads/ByExp/sra/SRX/SRX017/SRX017467/SRR037524/SRR037524.sra
2755	SRX017471	SRR037528	ftp://ftp-trace.ncbi.nih.gov/sra/sra-instant/reads/ByExp/sra/SRX/SRX017/SRX017471/SRR037528/SRR037528.sra
2755	SRX017472	SRR037529	ftp://ftp-trace.ncbi.nih.gov/sra/sra-instant/reads/ByExp/sra/SRX/SRX017/SRX017472/SRR037529/SRR037529.sra
2755	SRX017473	SRR037530	ftp://ftp-trace.ncbi.nih.gov/sra/sra-instant/reads/ByExp/sra/SRX/SRX017/SRX017473/SRR037530/SRR037530.sra
2776	SRX003786	SRR014966	ftp://ftp-trace.ncbi.nih.gov/sra/sra-instant/reads/ByExp/sra/SRX/SRX003/SRX003786/SRR014966/SRR014966.sra
2777	SRX003787	SRR014967	ftp://ftp-trace.ncbi.nih.gov/sra/sra-instant/reads/ByExp/sra/SRX/SRX003/SRX003787/SRR014967/SRR014967.sra
2778	SRX003788	SRR014968	ftp://ftp-trace.ncbi.nih.gov/sra/sra-instant/reads/ByExp/sra/SRX/SRX003/SRX003788/SRR014968/SRR014968.sra
2779	SRX003789	SRR014969	ftp://ftp-trace.ncbi.nih.gov/sra/sra-instant/reads/ByExp/sra/SRX/SRX003/SRX003789/SRR014969/SRR014969.sra
2780	SRX003790	SRR014970	ftp://ftp-trace.ncbi.nih.gov/sra/sra-instant/reads/ByExp/sra/SRX/SRX003/SRX003790/SRR014970/SRR014970.sra
2781	SRX003791	SRR014971	ftp://ftp-trace.ncbi.nih.gov/sra/sra-instant/reads/ByExp/sra/SRX/SRX003/SRX003791/SRR014971/SRR014971.sra
2782	SRX003792	SRR014972	ftp://ftp-trace.ncbi.nih.gov/sra/sra-instant/reads/ByExp/sra/SRX/SRX003/SRX003792/SRR014972/SRR014972.sra
2783	SRX017468	SRR037525	ftp://ftp-trace.ncbi.nih.gov/sra/sra-instant/reads/ByExp/sra/SRX/SRX017/SRX017468/SRR037525/SRR037525.sra
2783	SRX017469	SRR037526	ftp://ftp-trace.ncbi.nih.gov/sra/sra-instant/reads/ByExp/sra/SRX/SRX017/SRX017469/SRR037526/SRR037526.sra
2783	SRX017470	SRR037527	ftp://ftp-trace.ncbi.nih.gov/sra/sra-instant/reads/ByExp/sra/SRX/SRX017/SRX017470/SRR037527/SRR037527.sra
2971	SRX028908	SRR069503	ftp://ftp-trace.ncbi.nih.gov/sra/sra-instant/reads/ByExp/sra/SRX/SRX028/SRX028908/SRR069503/SRR069503.sra
2972	SRX028909	SRR069504	ftp://ftp-trace.ncbi.nih.gov/sra/sra-instant/reads/ByExp/sra/SRX/SRX028/SRX028909/SRR069504/SRR069504.sra
2973	SRX028799	SRR069231	ftp://ftp-trace.ncbi.nih.gov/sra/sra-instant/reads/ByExp/sra/SRX/SRX028/SRX028799/SRR069231/SRR069231.sra
2973	SRX028798	SRR069230	ftp://ftp-trace.ncbi.nih.gov/sra/sra-instant/reads/ByExp/sra/SRX/SRX028/SRX028798/SRR069230/SRR069230.sra
2975	SRX028801	SRR069233	ftp://ftp-trace.ncbi.nih.gov/sra/sra-instant/reads/ByExp/sra/SRX/SRX028/SRX028801/SRR069233/SRR069233.sra
2980	SRX016182	SRR034782	ftp://ftp-trace.ncbi.nih.gov/sra/sra-instant/reads/ByExp/sra/SRX/SRX016/SRX016182/SRR034782/SRR034782.sra
2980	SRX016182	SRR034783	ftp://ftp-trace.ncbi.nih.gov/sra/sra-instant/reads/ByExp/sra/SRX/SRX016/SRX016182/SRR034783/SRR034783.sra
2980	SRX016182	SRR034784	ftp://ftp-trace.ncbi.nih.gov/sra/sra-instant/reads/ByExp/sra/SRX/SRX016/SRX016182/SRR034784/SRR034784.sra
2980	SRX016182	SRR034785	ftp://ftp-trace.ncbi.nih.gov/sra/sra-instant/reads/ByExp/sra/SRX/SRX016/SRX016182/SRR034785/SRR034785.sra
2980	SRX016182	SRR034786	ftp://ftp-trace.ncbi.nih.gov/sra/sra-instant/reads/ByExp/sra/SRX/SRX016/SRX016182/SRR034786/SRR034786.sra
2980	SRX016182	SRR034787	ftp://ftp-trace.ncbi.nih.gov/sra/sra-instant/reads/ByExp/sra/SRX/SRX016/SRX016182/SRR034787/SRR034787.sra
2980	SRX016182	SRR034788	ftp://ftp-trace.ncbi.nih.gov/sra/sra-instant/reads/ByExp/sra/SRX/SRX016/SRX016182/SRR034788/SRR034788.sra
2980	SRX016182	SRR034789	ftp://ftp-trace.ncbi.nih.gov/sra/sra-instant/reads/ByExp/sra/SRX/SRX016/SRX016182/SRR034789/SRR034789.sra
2980	SRX016182	SRR034790	ftp://ftp-trace.ncbi.nih.gov/sra/sra-instant/reads/ByExp/sra/SRX/SRX016/SRX016182/SRR034790/SRR034790.sra
2980	SRX016182	SRR034791	ftp://ftp-trace.ncbi.nih.gov/sra/sra-instant/reads/ByExp/sra/SRX/SRX016/SRX016182/SRR034791/SRR034791.sra
3083	SRX018866	SRR039439	ftp://ftp-trace.ncbi.nih.gov/sra/sra-instant/reads/ByExp/sra/SRX/SRX018/SRX018866/SRR039439/SRR039439.sra
3083	SRX018866	SRR039440	ftp://ftp-trace.ncbi.nih.gov/sra/sra-instant/reads/ByExp/sra/SRX/SRX018/SRX018866/SRR039440/SRR039440.sra
3083	SRX018866	SRR039441	ftp://ftp-trace.ncbi.nih.gov/sra/sra-instant/reads/ByExp/sra/SRX/SRX018/SRX018866/SRR039441/SRR039441.sra
3083	SRX018866	SRR039442	ftp://ftp-trace.ncbi.nih.gov/sra/sra-instant/reads/ByExp/sra/SRX/SRX018/SRX018866/SRR039442/SRR039442.sra
3083	SRX018866	SRR039443	ftp://ftp-trace.ncbi.nih.gov/sra/sra-instant/reads/ByExp/sra/SRX/SRX018/SRX018866/SRR039443/SRR039443.sra
3083	SRX018866	SRR039444	ftp://ftp-trace.ncbi.nih.gov/sra/sra-instant/reads/ByExp/sra/SRX/SRX018/SRX018866/SRR039444/SRR039444.sra
3083	SRX018866	SRR039445	ftp://ftp-trace.ncbi.nih.gov/sra/sra-instant/reads/ByExp/sra/SRX/SRX018/SRX018866/SRR039445/SRR039445.sra
3083	SRX018864	SRR039433	ftp://ftp-trace.ncbi.nih.gov/sra/sra-instant/reads/ByExp/sra/SRX/SRX018/SRX018864/SRR039433/SRR039433.sra
3083	SRX018864	SRR039434	ftp://ftp-trace.ncbi.nih.gov/sra/sra-instant/reads/ByExp/sra/SRX/SRX018/SRX018864/SRR039434/SRR039434.sra
3083	SRX018864	SRR039435	ftp://ftp-trace.ncbi.nih.gov/sra/sra-instant/reads/ByExp/sra/SRX/SRX018/SRX018864/SRR039435/SRR039435.sra
3084	SRX018865	SRR039436	ftp://ftp-trace.ncbi.nih.gov/sra/sra-instant/reads/ByExp/sra/SRX/SRX018/SRX018865/SRR039436/SRR039436.sra
3084	SRX018865	SRR039437	ftp://ftp-trace.ncbi.nih.gov/sra/sra-instant/reads/ByExp/sra/SRX/SRX018/SRX018865/SRR039437/SRR039437.sra
3084	SRX018865	SRR039438	ftp://ftp-trace.ncbi.nih.gov/sra/sra-instant/reads/ByExp/sra/SRX/SRX018/SRX018865/SRR039438/SRR039438.sra
3084	SRX018867	SRR039446	ftp://ftp-trace.ncbi.nih.gov/sra/sra-instant/reads/ByExp/sra/SRX/SRX018/SRX018867/SRR039446/SRR039446.sra
3084	SRX018867	SRR039447	ftp://ftp-trace.ncbi.nih.gov/sra/sra-instant/reads/ByExp/sra/SRX/SRX018/SRX018867/SRR039447/SRR039447.sra
3084	SRX018867	SRR039448	ftp://ftp-trace.ncbi.nih.gov/sra/sra-instant/reads/ByExp/sra/SRX/SRX018/SRX018867/SRR039448/SRR039448.sra
3084	SRX018867	SRR039449	ftp://ftp-trace.ncbi.nih.gov/sra/sra-instant/reads/ByExp/sra/SRX/SRX018/SRX018867/SRR039449/SRR039449.sra
3084	SRX018867	SRR039450	ftp://ftp-trace.ncbi.nih.gov/sra/sra-instant/reads/ByExp/sra/SRX/SRX018/SRX018867/SRR039450/SRR039450.sra
3084	SRX018867	SRR039451	ftp://ftp-trace.ncbi.nih.gov/sra/sra-instant/reads/ByExp/sra/SRX/SRX018/SRX018867/SRR039451/SRR039451.sra
3084	SRX018867	SRR039452	ftp://ftp-trace.ncbi.nih.gov/sra/sra-instant/reads/ByExp/sra/SRX/SRX018/SRX018867/SRR039452/SRR039452.sra
3085	SRX016183	SRR034792	ftp://ftp-trace.ncbi.nih.gov/sra/sra-instant/reads/ByExp/sra/SRX/SRX016/SRX016183/SRR034792/SRR034792.sra
3085	SRX016183	SRR034793	ftp://ftp-trace.ncbi.nih.gov/sra/sra-instant/reads/ByExp/sra/SRX/SRX016/SRX016183/SRR034793/SRR034793.sra
3085	SRX016183	SRR034794	ftp://ftp-trace.ncbi.nih.gov/sra/sra-instant/reads/ByExp/sra/SRX/SRX016/SRX016183/SRR034794/SRR034794.sra
3085	SRX016183	SRR034795	ftp://ftp-trace.ncbi.nih.gov/sra/sra-instant/reads/ByExp/sra/SRX/SRX016/SRX016183/SRR034795/SRR034795.sra
3085	SRX016183	SRR034796	ftp://ftp-trace.ncbi.nih.gov/sra/sra-instant/reads/ByExp/sra/SRX/SRX016/SRX016183/SRR034796/SRR034796.sra
3085	SRX016183	SRR034797	ftp://ftp-trace.ncbi.nih.gov/sra/sra-instant/reads/ByExp/sra/SRX/SRX016/SRX016183/SRR034797/SRR034797.sra
3085	SRX016183	SRR034798	ftp://ftp-trace.ncbi.nih.gov/sra/sra-instant/reads/ByExp/sra/SRX/SRX016/SRX016183/SRR034798/SRR034798.sra
3085	SRX016183	SRR034799	ftp://ftp-trace.ncbi.nih.gov/sra/sra-instant/reads/ByExp/sra/SRX/SRX016/SRX016183/SRR034799/SRR034799.sra
3085	SRX016183	SRR034800	ftp://ftp-trace.ncbi.nih.gov/sra/sra-instant/reads/ByExp/sra/SRX/SRX016/SRX016183/SRR034800/SRR034800.sra
3085	SRX016183	SRR034801	ftp://ftp-trace.ncbi.nih.gov/sra/sra-instant/reads/ByExp/sra/SRX/SRX016/SRX016183/SRR034801/SRR034801.sra
3086	SRX017461	SRR037509	ftp://ftp-trace.ncbi.nih.gov/sra/sra-instant/reads/ByExp/sra/SRX/SRX017/SRX017461/SRR037509/SRR037509.sra
3086	SRX017461	SRR037510	ftp://ftp-trace.ncbi.nih.gov/sra/sra-instant/reads/ByExp/sra/SRX/SRX017/SRX017461/SRR037510/SRR037510.sra
3086	SRX017461	SRR037511	ftp://ftp-trace.ncbi.nih.gov/sra/sra-instant/reads/ByExp/sra/SRX/SRX017/SRX017461/SRR037511/SRR037511.sra
3086	SRX017461	SRR037512	ftp://ftp-trace.ncbi.nih.gov/sra/sra-instant/reads/ByExp/sra/SRX/SRX017/SRX017461/SRR037512/SRR037512.sra
3086	SRX017461	SRR037513	ftp://ftp-trace.ncbi.nih.gov/sra/sra-instant/reads/ByExp/sra/SRX/SRX017/SRX017461/SRR037513/SRR037513.sra
3086	SRX017461	SRR037514	ftp://ftp-trace.ncbi.nih.gov/sra/sra-instant/reads/ByExp/sra/SRX/SRX017/SRX017461/SRR037514/SRR037514.sra
3086	SRX017461	SRR037515	ftp://ftp-trace.ncbi.nih.gov/sra/sra-instant/reads/ByExp/sra/SRX/SRX017/SRX017461/SRR037515/SRR037515.sra
3086	SRX017461	SRR037516	ftp://ftp-trace.ncbi.nih.gov/sra/sra-instant/reads/ByExp/sra/SRX/SRX017/SRX017461/SRR037516/SRR037516.sra
3086	SRX017461	SRR037517	ftp://ftp-trace.ncbi.nih.gov/sra/sra-instant/reads/ByExp/sra/SRX/SRX017/SRX017461/SRR037517/SRR037517.sra
3086	SRX017461	SRR037518	ftp://ftp-trace.ncbi.nih.gov/sra/sra-instant/reads/ByExp/sra/SRX/SRX017/SRX017461/SRR037518/SRR037518.sra
3086	SRX017460	SRR037508	ftp://ftp-trace.ncbi.nih.gov/sra/sra-instant/reads/ByExp/sra/SRX/SRX017/SRX017460/SRR037508/SRR037508.sra
3087	SRX017459	SRR037498	ftp://ftp-trace.ncbi.nih.gov/sra/sra-instant/reads/ByExp/sra/SRX/SRX017/SRX017459/SRR037498/SRR037498.sra
3087	SRX017459	SRR037499	ftp://ftp-trace.ncbi.nih.gov/sra/sra-instant/reads/ByExp/sra/SRX/SRX017/SRX017459/SRR037499/SRR037499.sra
3087	SRX017459	SRR037500	ftp://ftp-trace.ncbi.nih.gov/sra/sra-instant/reads/ByExp/sra/SRX/SRX017/SRX017459/SRR037500/SRR037500.sra
3087	SRX017459	SRR037501	ftp://ftp-trace.ncbi.nih.gov/sra/sra-instant/reads/ByExp/sra/SRX/SRX017/SRX017459/SRR037501/SRR037501.sra
3087	SRX017459	SRR037502	ftp://ftp-trace.ncbi.nih.gov/sra/sra-instant/reads/ByExp/sra/SRX/SRX017/SRX017459/SRR037502/SRR037502.sra
3087	SRX017459	SRR037503	ftp://ftp-trace.ncbi.nih.gov/sra/sra-instant/reads/ByExp/sra/SRX/SRX017/SRX017459/SRR037503/SRR037503.sra
3087	SRX017459	SRR037504	ftp://ftp-trace.ncbi.nih.gov/sra/sra-instant/reads/ByExp/sra/SRX/SRX017/SRX017459/SRR037504/SRR037504.sra
3087	SRX017459	SRR037505	ftp://ftp-trace.ncbi.nih.gov/sra/sra-instant/reads/ByExp/sra/SRX/SRX017/SRX017459/SRR037505/SRR037505.sra
3087	SRX017459	SRR037506	ftp://ftp-trace.ncbi.nih.gov/sra/sra-instant/reads/ByExp/sra/SRX/SRX017/SRX017459/SRR037506/SRR037506.sra
3087	SRX017459	SRR037507	ftp://ftp-trace.ncbi.nih.gov/sra/sra-instant/reads/ByExp/sra/SRX/SRX017/SRX017459/SRR037507/SRR037507.sra
3087	SRX017458	SRR037497	ftp://ftp-trace.ncbi.nih.gov/sra/sra-instant/reads/ByExp/sra/SRX/SRX017/SRX017458/SRR037497/SRR037497.sra
3190	SRX028910	SRR069505	ftp://ftp-trace.ncbi.nih.gov/sra/sra-instant/reads/ByExp/sra/SRX/SRX028/SRX028910/SRR069505/SRR069505.sra
3192	SRX028911	SRR069506	ftp://ftp-trace.ncbi.nih.gov/sra/sra-instant/reads/ByExp/sra/SRX/SRX028/SRX028911/SRR069506/SRR069506.sra
3193	SRX028912	SRR069507	ftp://ftp-trace.ncbi.nih.gov/sra/sra-instant/reads/ByExp/sra/SRX/SRX028/SRX028912/SRR069507/SRR069507.sra
3194	SRX028913	SRR069508	ftp://ftp-trace.ncbi.nih.gov/sra/sra-instant/reads/ByExp/sra/SRX/SRX028/SRX028913/SRR069508/SRR069508.sra
3195	SRX028914	SRR069509	ftp://ftp-trace.ncbi.nih.gov/sra/sra-instant/reads/ByExp/sra/SRX/SRX028/SRX028914/SRR069509/SRR069509.sra
343	SRX012350	SRR029308	ftp://ftp-trace.ncbi.nih.gov/sra/sra-instant/reads/ByExp/sra/SRX/SRX012/SRX012350/SRR029308/SRR029308.sra
360	SRX012954	SRR030160	ftp://ftp-trace.ncbi.nih.gov/sra/sra-instant/reads/ByExp/sra/SRX/SRX012/SRX012954/SRR030160/SRR030160.sra
360	SRX012955	SRR030161	ftp://ftp-trace.ncbi.nih.gov/sra/sra-instant/reads/ByExp/sra/SRX/SRX012/SRX012955/SRR030161/SRR030161.sra
360	SRX012956	SRR030162	ftp://ftp-trace.ncbi.nih.gov/sra/sra-instant/reads/ByExp/sra/SRX/SRX012/SRX012956/SRR030162/SRR030162.sra
360	SRX012957	SRR030163	ftp://ftp-trace.ncbi.nih.gov/sra/sra-instant/reads/ByExp/sra/SRX/SRX012/SRX012957/SRR030163/SRR030163.sra
