2321	SRX004863	SRR016669	ftp://ftp-trace.ncbi.nih.gov/sra/sra-instant/reads/ByExp/sra/SRX/SRX004/SRX004863/SRR016669
2321	SRX004863	SRR016670	ftp://ftp-trace.ncbi.nih.gov/sra/sra-instant/reads/ByExp/sra/SRX/SRX004/SRX004863/SRR016670
2321	SRX004864	SRR016671	ftp://ftp-trace.ncbi.nih.gov/sra/sra-instant/reads/ByExp/sra/SRX/SRX004/SRX004864/SRR016671
2321	SRX004864	SRR016672	ftp://ftp-trace.ncbi.nih.gov/sra/sra-instant/reads/ByExp/sra/SRX/SRX004/SRX004864/SRR016672
2321	SRX004864	SRR016673	ftp://ftp-trace.ncbi.nih.gov/sra/sra-instant/reads/ByExp/sra/SRX/SRX004/SRX004864/SRR016673
2321	SRX004864	SRR016682	ftp://ftp-trace.ncbi.nih.gov/sra/sra-instant/reads/ByExp/sra/SRX/SRX004/SRX004864/SRR016682
2324	SRX004865	SRR016674	ftp://ftp-trace.ncbi.nih.gov/sra/sra-instant/reads/ByExp/sra/SRX/SRX004/SRX004865/SRR016674
2324	SRX004865	SRR016675	ftp://ftp-trace.ncbi.nih.gov/sra/sra-instant/reads/ByExp/sra/SRX/SRX004/SRX004865/SRR016675
2324	SRX004866	SRR016676	ftp://ftp-trace.ncbi.nih.gov/sra/sra-instant/reads/ByExp/sra/SRX/SRX004/SRX004866/SRR016676
2324	SRX004866	SRR016677	ftp://ftp-trace.ncbi.nih.gov/sra/sra-instant/reads/ByExp/sra/SRX/SRX004/SRX004866/SRR016677
2324	SRX004866	SRR016678	ftp://ftp-trace.ncbi.nih.gov/sra/sra-instant/reads/ByExp/sra/SRX/SRX004/SRX004866/SRR016678
2324	SRX004866	SRR016687	ftp://ftp-trace.ncbi.nih.gov/sra/sra-instant/reads/ByExp/sra/SRX/SRX004/SRX004866/SRR016687
2325	SRX004868	SRR016684	ftp://ftp-trace.ncbi.nih.gov/sra/sra-instant/reads/ByExp/sra/SRX/SRX004/SRX004868/SRR016684
2325	SRX004868	SRR016685	ftp://ftp-trace.ncbi.nih.gov/sra/sra-instant/reads/ByExp/sra/SRX/SRX004/SRX004868/SRR016685
2325	SRX004868	SRR016686	ftp://ftp-trace.ncbi.nih.gov/sra/sra-instant/reads/ByExp/sra/SRX/SRX004/SRX004868/SRR016686
2326	SRX004867	SRR016679	ftp://ftp-trace.ncbi.nih.gov/sra/sra-instant/reads/ByExp/sra/SRX/SRX004/SRX004867/SRR016679
2326	SRX004867	SRR016680	ftp://ftp-trace.ncbi.nih.gov/sra/sra-instant/reads/ByExp/sra/SRX/SRX004/SRX004867/SRR016680
2326	SRX004867	SRR016681	ftp://ftp-trace.ncbi.nih.gov/sra/sra-instant/reads/ByExp/sra/SRX/SRX004/SRX004867/SRR016681
2326	SRX004867	SRR016683	ftp://ftp-trace.ncbi.nih.gov/sra/sra-instant/reads/ByExp/sra/SRX/SRX004/SRX004867/SRR016683
2343	SRX004869	SRR016688	ftp://ftp-trace.ncbi.nih.gov/sra/sra-instant/reads/ByExp/sra/SRX/SRX004/SRX004869/SRR016688
2343	SRX004869	SRR016689	ftp://ftp-trace.ncbi.nih.gov/sra/sra-instant/reads/ByExp/sra/SRX/SRX004/SRX004869/SRR016689
2343	SRX004869	SRR016690	ftp://ftp-trace.ncbi.nih.gov/sra/sra-instant/reads/ByExp/sra/SRX/SRX004/SRX004869/SRR016690
2343	SRX004869	SRR016691	ftp://ftp-trace.ncbi.nih.gov/sra/sra-instant/reads/ByExp/sra/SRX/SRX004/SRX004869/SRR016691
2345	SRX008136	SRR023534	ftp://ftp-trace.ncbi.nih.gov/sra/sra-instant/reads/ByExp/sra/SRX/SRX008/SRX008136/SRR023534
2345	SRX008136	SRR023535	ftp://ftp-trace.ncbi.nih.gov/sra/sra-instant/reads/ByExp/sra/SRX/SRX008/SRX008136/SRR023535
2345	SRX008136	SRR023536	ftp://ftp-trace.ncbi.nih.gov/sra/sra-instant/reads/ByExp/sra/SRX/SRX008/SRX008136/SRR023536
2345	SRX008136	SRR023537	ftp://ftp-trace.ncbi.nih.gov/sra/sra-instant/reads/ByExp/sra/SRX/SRX008/SRX008136/SRR023537
2346	SRX011569	SRR027904	ftp://ftp-trace.ncbi.nih.gov/sra/sra-instant/reads/ByExp/sra/SRX/SRX011/SRX011569/SRR027904
2346	SRX011569	SRR027905	ftp://ftp-trace.ncbi.nih.gov/sra/sra-instant/reads/ByExp/sra/SRX/SRX011/SRX011569/SRR027905
2347	SRX008138	SRR027187	ftp://ftp-trace.ncbi.nih.gov/sra/sra-instant/reads/ByExp/sra/SRX/SRX008/SRX008138/SRR027187
2347	SRX008138	SRR027188	ftp://ftp-trace.ncbi.nih.gov/sra/sra-instant/reads/ByExp/sra/SRX/SRX008/SRX008138/SRR027188
2349	SRX008140	SRR027191	ftp://ftp-trace.ncbi.nih.gov/sra/sra-instant/reads/ByExp/sra/SRX/SRX008/SRX008140/SRR027191
2349	SRX008140	SRR027192	ftp://ftp-trace.ncbi.nih.gov/sra/sra-instant/reads/ByExp/sra/SRX/SRX008/SRX008140/SRR027192
2351	SRX001872	SRR006511	ftp://ftp-trace.ncbi.nih.gov/sra/sra-instant/reads/ByExp/sra/SRX/SRX001/SRX001872/SRR006511
2351	SRX001872	SRR006512	ftp://ftp-trace.ncbi.nih.gov/sra/sra-instant/reads/ByExp/sra/SRX/SRX001/SRX001872/SRR006512
2351	SRX001872	SRR006513	ftp://ftp-trace.ncbi.nih.gov/sra/sra-instant/reads/ByExp/sra/SRX/SRX001/SRX001872/SRR006513
2352	SRX001875	SRR006519	ftp://ftp-trace.ncbi.nih.gov/sra/sra-instant/reads/ByExp/sra/SRX/SRX001/SRX001875/SRR006519
2352	SRX001875	SRR006520	ftp://ftp-trace.ncbi.nih.gov/sra/sra-instant/reads/ByExp/sra/SRX/SRX001/SRX001875/SRR006520
2353	SRX001874	SRR006517	ftp://ftp-trace.ncbi.nih.gov/sra/sra-instant/reads/ByExp/sra/SRX/SRX001/SRX001874/SRR006517
2353	SRX001874	SRR006518	ftp://ftp-trace.ncbi.nih.gov/sra/sra-instant/reads/ByExp/sra/SRX/SRX001/SRX001874/SRR006518
2354	SRX001873	SRR006514	ftp://ftp-trace.ncbi.nih.gov/sra/sra-instant/reads/ByExp/sra/SRX/SRX001/SRX001873/SRR006514
2354	SRX001873	SRR006515	ftp://ftp-trace.ncbi.nih.gov/sra/sra-instant/reads/ByExp/sra/SRX/SRX001/SRX001873/SRR006515
2354	SRX001873	SRR006516	ftp://ftp-trace.ncbi.nih.gov/sra/sra-instant/reads/ByExp/sra/SRX/SRX001/SRX001873/SRR006516
2387	SRX008139	SRR027189	ftp://ftp-trace.ncbi.nih.gov/sra/sra-instant/reads/ByExp/sra/SRX/SRX008/SRX008139/SRR027189
2387	SRX008139	SRR027190	ftp://ftp-trace.ncbi.nih.gov/sra/sra-instant/reads/ByExp/sra/SRX/SRX008/SRX008139/SRR027190
2549	SRX015329	SRR035178	ftp://ftp-trace.ncbi.nih.gov/sra/sra-instant/reads/ByExp/sra/SRX/SRX015/SRX015329/SRR035178
2580	SRX014006	SRR031113	ftp://ftp-trace.ncbi.nih.gov/sra/sra-instant/reads/ByExp/sra/SRX/SRX014/SRX014006/SRR031113
2580	SRX014006	SRR031114	ftp://ftp-trace.ncbi.nih.gov/sra/sra-instant/reads/ByExp/sra/SRX/SRX014/SRX014006/SRR031114
2581	SRX014007	SRR031115	ftp://ftp-trace.ncbi.nih.gov/sra/sra-instant/reads/ByExp/sra/SRX/SRX014/SRX014007/SRR031115
2581	SRX014007	SRR031116	ftp://ftp-trace.ncbi.nih.gov/sra/sra-instant/reads/ByExp/sra/SRX/SRX014/SRX014007/SRR031116
2582	SRX014008	SRR031117	ftp://ftp-trace.ncbi.nih.gov/sra/sra-instant/reads/ByExp/sra/SRX/SRX014/SRX014008/SRR031117
2582	SRX014008	SRR031118	ftp://ftp-trace.ncbi.nih.gov/sra/sra-instant/reads/ByExp/sra/SRX/SRX014/SRX014008/SRR031118
2582	SRX014008	SRR031119	ftp://ftp-trace.ncbi.nih.gov/sra/sra-instant/reads/ByExp/sra/SRX/SRX014/SRX014008/SRR031119
2583	SRX014010	SRR031122	ftp://ftp-trace.ncbi.nih.gov/sra/sra-instant/reads/ByExp/sra/SRX/SRX014/SRX014010/SRR031122
2583	SRX014010	SRR031123	ftp://ftp-trace.ncbi.nih.gov/sra/sra-instant/reads/ByExp/sra/SRX/SRX014/SRX014010/SRR031123
2584	SRX014009	SRR031120	ftp://ftp-trace.ncbi.nih.gov/sra/sra-instant/reads/ByExp/sra/SRX/SRX014/SRX014009/SRR031120
2584	SRX014009	SRR031121	ftp://ftp-trace.ncbi.nih.gov/sra/sra-instant/reads/ByExp/sra/SRX/SRX014/SRX014009/SRR031121
2586	SRX003840	SRR015104	ftp://ftp-trace.ncbi.nih.gov/sra/sra-instant/reads/ByExp/sra/SRX/SRX003/SRX003840/SRR015104
2586	SRX003840	SRR015106	ftp://ftp-trace.ncbi.nih.gov/sra/sra-instant/reads/ByExp/sra/SRX/SRX003/SRX003840/SRR015106
2586	SRX003841	SRR015108	ftp://ftp-trace.ncbi.nih.gov/sra/sra-instant/reads/ByExp/sra/SRX/SRX003/SRX003841/SRR015108
2586	SRX003841	SRR015110	ftp://ftp-trace.ncbi.nih.gov/sra/sra-instant/reads/ByExp/sra/SRX/SRX003/SRX003841/SRR015110
2586	SRX003841	SRR015112	ftp://ftp-trace.ncbi.nih.gov/sra/sra-instant/reads/ByExp/sra/SRX/SRX003/SRX003841/SRR015112
2587	SRX014006	SRR031113	ftp://ftp-trace.ncbi.nih.gov/sra/sra-instant/reads/ByExp/sra/SRX/SRX014/SRX014006/SRR031113
2587	SRX014006	SRR031114	ftp://ftp-trace.ncbi.nih.gov/sra/sra-instant/reads/ByExp/sra/SRX/SRX014/SRX014006/SRR031114
2588	SRX014007	SRR031115	ftp://ftp-trace.ncbi.nih.gov/sra/sra-instant/reads/ByExp/sra/SRX/SRX014/SRX014007/SRR031115
2588	SRX014007	SRR031116	ftp://ftp-trace.ncbi.nih.gov/sra/sra-instant/reads/ByExp/sra/SRX/SRX014/SRX014007/SRR031116
2589	SRX014008	SRR031117	ftp://ftp-trace.ncbi.nih.gov/sra/sra-instant/reads/ByExp/sra/SRX/SRX014/SRX014008/SRR031117
2589	SRX014008	SRR031118	ftp://ftp-trace.ncbi.nih.gov/sra/sra-instant/reads/ByExp/sra/SRX/SRX014/SRX014008/SRR031118
2589	SRX014008	SRR031119	ftp://ftp-trace.ncbi.nih.gov/sra/sra-instant/reads/ByExp/sra/SRX/SRX014/SRX014008/SRR031119
2590	SRX014010	SRR031122	ftp://ftp-trace.ncbi.nih.gov/sra/sra-instant/reads/ByExp/sra/SRX/SRX014/SRX014010/SRR031122
2590	SRX014010	SRR031123	ftp://ftp-trace.ncbi.nih.gov/sra/sra-instant/reads/ByExp/sra/SRX/SRX014/SRX014010/SRR031123
2591	SRX014009	SRR031120	ftp://ftp-trace.ncbi.nih.gov/sra/sra-instant/reads/ByExp/sra/SRX/SRX014/SRX014009/SRR031120
2591	SRX014009	SRR031121	ftp://ftp-trace.ncbi.nih.gov/sra/sra-instant/reads/ByExp/sra/SRX/SRX014/SRX014009/SRR031121
2592	SRX003834	SRR015074	ftp://ftp-trace.ncbi.nih.gov/sra/sra-instant/reads/ByExp/sra/SRX/SRX003/SRX003834/SRR015074
2592	SRX003834	SRR015076	ftp://ftp-trace.ncbi.nih.gov/sra/sra-instant/reads/ByExp/sra/SRX/SRX003/SRX003834/SRR015076
2592	SRX003834	SRR015078	ftp://ftp-trace.ncbi.nih.gov/sra/sra-instant/reads/ByExp/sra/SRX/SRX003/SRX003834/SRR015078
2592	SRX003835	SRR015080	ftp://ftp-trace.ncbi.nih.gov/sra/sra-instant/reads/ByExp/sra/SRX/SRX003/SRX003835/SRR015080
2592	SRX003835	SRR015082	ftp://ftp-trace.ncbi.nih.gov/sra/sra-instant/reads/ByExp/sra/SRX/SRX003/SRX003835/SRR015082
2593	SRX003836	SRR015084	ftp://ftp-trace.ncbi.nih.gov/sra/sra-instant/reads/ByExp/sra/SRX/SRX003/SRX003836/SRR015084
2593	SRX003836	SRR015086	ftp://ftp-trace.ncbi.nih.gov/sra/sra-instant/reads/ByExp/sra/SRX/SRX003/SRX003836/SRR015086
2593	SRX003836	SRR015088	ftp://ftp-trace.ncbi.nih.gov/sra/sra-instant/reads/ByExp/sra/SRX/SRX003/SRX003836/SRR015088
2593	SRX003837	SRR015090	ftp://ftp-trace.ncbi.nih.gov/sra/sra-instant/reads/ByExp/sra/SRX/SRX003/SRX003837/SRR015090
2593	SRX003837	SRR015092	ftp://ftp-trace.ncbi.nih.gov/sra/sra-instant/reads/ByExp/sra/SRX/SRX003/SRX003837/SRR015092
2594	SRX003838	SRR015094	ftp://ftp-trace.ncbi.nih.gov/sra/sra-instant/reads/ByExp/sra/SRX/SRX003/SRX003838/SRR015094
2594	SRX003838	SRR015096	ftp://ftp-trace.ncbi.nih.gov/sra/sra-instant/reads/ByExp/sra/SRX/SRX003/SRX003838/SRR015096
2594	SRX003839	SRR015098	ftp://ftp-trace.ncbi.nih.gov/sra/sra-instant/reads/ByExp/sra/SRX/SRX003/SRX003839/SRR015098
2594	SRX003839	SRR015100	ftp://ftp-trace.ncbi.nih.gov/sra/sra-instant/reads/ByExp/sra/SRX/SRX003/SRX003839/SRR015100
2594	SRX003839	SRR015102	ftp://ftp-trace.ncbi.nih.gov/sra/sra-instant/reads/ByExp/sra/SRX/SRX003/SRX003839/SRR015102
2676	SRX015641	SRR034220	ftp://ftp-trace.ncbi.nih.gov/sra/sra-instant/reads/ByExp/sra/SRX/SRX015/SRX015641/SRR034220
2677	SRX015642	SRR034221	ftp://ftp-trace.ncbi.nih.gov/sra/sra-instant/reads/ByExp/sra/SRX/SRX015/SRX015642/SRR034221
2678	SRX015643	SRR034222	ftp://ftp-trace.ncbi.nih.gov/sra/sra-instant/reads/ByExp/sra/SRX/SRX015/SRX015643/SRR034222
2679	SRX015644	SRR034223	ftp://ftp-trace.ncbi.nih.gov/sra/sra-instant/reads/ByExp/sra/SRX/SRX015/SRX015644/SRR034223
2680	SRX015645	SRR034224	ftp://ftp-trace.ncbi.nih.gov/sra/sra-instant/reads/ByExp/sra/SRX/SRX015/SRX015645/SRR034224
2681	SRX015646	SRR034225	ftp://ftp-trace.ncbi.nih.gov/sra/sra-instant/reads/ByExp/sra/SRX/SRX015/SRX015646/SRR034225
2682	SRX015647	SRR034226	ftp://ftp-trace.ncbi.nih.gov/sra/sra-instant/reads/ByExp/sra/SRX/SRX015/SRX015647/SRR034226
2683	SRX015648	SRR034227	ftp://ftp-trace.ncbi.nih.gov/sra/sra-instant/reads/ByExp/sra/SRX/SRX015/SRX015648/SRR034227
2684	SRX015649	SRR034228	ftp://ftp-trace.ncbi.nih.gov/sra/sra-instant/reads/ByExp/sra/SRX/SRX015/SRX015649/SRR034228
2685	SRX015650	SRR034229	ftp://ftp-trace.ncbi.nih.gov/sra/sra-instant/reads/ByExp/sra/SRX/SRX015/SRX015650/SRR034229
2686	SRX015651	SRR034230	ftp://ftp-trace.ncbi.nih.gov/sra/sra-instant/reads/ByExp/sra/SRX/SRX015/SRX015651/SRR034230
2687	SRX015652	SRR034231	ftp://ftp-trace.ncbi.nih.gov/sra/sra-instant/reads/ByExp/sra/SRX/SRX015/SRX015652/SRR034231
2835	SRX008136	SRR023534	ftp://ftp-trace.ncbi.nih.gov/sra/sra-instant/reads/ByExp/sra/SRX/SRX008/SRX008136/SRR023534
2835	SRX008136	SRR023535	ftp://ftp-trace.ncbi.nih.gov/sra/sra-instant/reads/ByExp/sra/SRX/SRX008/SRX008136/SRR023535
2835	SRX008136	SRR023536	ftp://ftp-trace.ncbi.nih.gov/sra/sra-instant/reads/ByExp/sra/SRX/SRX008/SRX008136/SRR023536
2835	SRX008136	SRR023537	ftp://ftp-trace.ncbi.nih.gov/sra/sra-instant/reads/ByExp/sra/SRX/SRX008/SRX008136/SRR023537
2836	SRX001873	SRR006514	ftp://ftp-trace.ncbi.nih.gov/sra/sra-instant/reads/ByExp/sra/SRX/SRX001/SRX001873/SRR006514
2836	SRX001873	SRR006515	ftp://ftp-trace.ncbi.nih.gov/sra/sra-instant/reads/ByExp/sra/SRX/SRX001/SRX001873/SRR006515
2836	SRX001873	SRR006516	ftp://ftp-trace.ncbi.nih.gov/sra/sra-instant/reads/ByExp/sra/SRX/SRX001/SRX001873/SRR006516
2837	SRX008138	SRR027187	ftp://ftp-trace.ncbi.nih.gov/sra/sra-instant/reads/ByExp/sra/SRX/SRX008/SRX008138/SRR027187
2837	SRX008138	SRR027188	ftp://ftp-trace.ncbi.nih.gov/sra/sra-instant/reads/ByExp/sra/SRX/SRX008/SRX008138/SRR027188
2838	SRX008139	SRR027189	ftp://ftp-trace.ncbi.nih.gov/sra/sra-instant/reads/ByExp/sra/SRX/SRX008/SRX008139/SRR027189
2838	SRX008139	SRR027190	ftp://ftp-trace.ncbi.nih.gov/sra/sra-instant/reads/ByExp/sra/SRX/SRX008/SRX008139/SRR027190
2839	SRX008140	SRR027191	ftp://ftp-trace.ncbi.nih.gov/sra/sra-instant/reads/ByExp/sra/SRX/SRX008/SRX008140/SRR027191
2839	SRX008140	SRR027192	ftp://ftp-trace.ncbi.nih.gov/sra/sra-instant/reads/ByExp/sra/SRX/SRX008/SRX008140/SRR027192
2840	SRX004863	SRR016669	ftp://ftp-trace.ncbi.nih.gov/sra/sra-instant/reads/ByExp/sra/SRX/SRX004/SRX004863/SRR016669
2840	SRX004863	SRR016670	ftp://ftp-trace.ncbi.nih.gov/sra/sra-instant/reads/ByExp/sra/SRX/SRX004/SRX004863/SRR016670
2841	SRX011569	SRR027904	ftp://ftp-trace.ncbi.nih.gov/sra/sra-instant/reads/ByExp/sra/SRX/SRX011/SRX011569/SRR027904
2841	SRX011569	SRR027905	ftp://ftp-trace.ncbi.nih.gov/sra/sra-instant/reads/ByExp/sra/SRX/SRX011/SRX011569/SRR027905
2842	SRX004865	SRR016674	ftp://ftp-trace.ncbi.nih.gov/sra/sra-instant/reads/ByExp/sra/SRX/SRX004/SRX004865/SRR016674
2842	SRX004865	SRR016675	ftp://ftp-trace.ncbi.nih.gov/sra/sra-instant/reads/ByExp/sra/SRX/SRX004/SRX004865/SRR016675
2843	SRX004869	SRR016688	ftp://ftp-trace.ncbi.nih.gov/sra/sra-instant/reads/ByExp/sra/SRX/SRX004/SRX004869/SRR016688
2843	SRX004869	SRR016689	ftp://ftp-trace.ncbi.nih.gov/sra/sra-instant/reads/ByExp/sra/SRX/SRX004/SRX004869/SRR016689
2843	SRX004869	SRR016690	ftp://ftp-trace.ncbi.nih.gov/sra/sra-instant/reads/ByExp/sra/SRX/SRX004/SRX004869/SRR016690
2843	SRX004869	SRR016691	ftp://ftp-trace.ncbi.nih.gov/sra/sra-instant/reads/ByExp/sra/SRX/SRX004/SRX004869/SRR016691
2844	SRX004868	SRR016684	ftp://ftp-trace.ncbi.nih.gov/sra/sra-instant/reads/ByExp/sra/SRX/SRX004/SRX004868/SRR016684
2844	SRX004868	SRR016685	ftp://ftp-trace.ncbi.nih.gov/sra/sra-instant/reads/ByExp/sra/SRX/SRX004/SRX004868/SRR016685
2844	SRX004868	SRR016686	ftp://ftp-trace.ncbi.nih.gov/sra/sra-instant/reads/ByExp/sra/SRX/SRX004/SRX004868/SRR016686
2845	SRX004867	SRR016679	ftp://ftp-trace.ncbi.nih.gov/sra/sra-instant/reads/ByExp/sra/SRX/SRX004/SRX004867/SRR016679
2845	SRX004867	SRR016680	ftp://ftp-trace.ncbi.nih.gov/sra/sra-instant/reads/ByExp/sra/SRX/SRX004/SRX004867/SRR016680
2845	SRX004867	SRR016681	ftp://ftp-trace.ncbi.nih.gov/sra/sra-instant/reads/ByExp/sra/SRX/SRX004/SRX004867/SRR016681
2845	SRX004867	SRR016683	ftp://ftp-trace.ncbi.nih.gov/sra/sra-instant/reads/ByExp/sra/SRX/SRX004/SRX004867/SRR016683
2846	SRX001872	SRR006511	ftp://ftp-trace.ncbi.nih.gov/sra/sra-instant/reads/ByExp/sra/SRX/SRX001/SRX001872/SRR006511
2846	SRX001872	SRR006512	ftp://ftp-trace.ncbi.nih.gov/sra/sra-instant/reads/ByExp/sra/SRX/SRX001/SRX001872/SRR006512
2846	SRX001872	SRR006513	ftp://ftp-trace.ncbi.nih.gov/sra/sra-instant/reads/ByExp/sra/SRX/SRX001/SRX001872/SRR006513
2847	SRX001875	SRR006519	ftp://ftp-trace.ncbi.nih.gov/sra/sra-instant/reads/ByExp/sra/SRX/SRX001/SRX001875/SRR006519
2847	SRX001875	SRR006520	ftp://ftp-trace.ncbi.nih.gov/sra/sra-instant/reads/ByExp/sra/SRX/SRX001/SRX001875/SRR006520
2848	SRX001874	SRR006517	ftp://ftp-trace.ncbi.nih.gov/sra/sra-instant/reads/ByExp/sra/SRX/SRX001/SRX001874/SRR006517
2848	SRX001874	SRR006518	ftp://ftp-trace.ncbi.nih.gov/sra/sra-instant/reads/ByExp/sra/SRX/SRX001/SRX001874/SRR006518
2866	SRX008013	SRR035393	ftp://ftp-trace.ncbi.nih.gov/sra/sra-instant/reads/ByExp/sra/SRX/SRX008/SRX008013/SRR035393
2866	SRX008188	SRR023702	ftp://ftp-trace.ncbi.nih.gov/sra/sra-instant/reads/ByExp/sra/SRX/SRX008/SRX008188/SRR023702
2866	SRX008197	SRR023737	ftp://ftp-trace.ncbi.nih.gov/sra/sra-instant/reads/ByExp/sra/SRX/SRX008/SRX008197/SRR023737
2866	SRX008013	SRR023595	ftp://ftp-trace.ncbi.nih.gov/sra/sra-instant/reads/ByExp/sra/SRX/SRX008/SRX008013/SRR023595
2866	SRX008188	SRR023680	ftp://ftp-trace.ncbi.nih.gov/sra/sra-instant/reads/ByExp/sra/SRX/SRX008/SRX008188/SRR023680
2866	SRX008228	SRR023828	ftp://ftp-trace.ncbi.nih.gov/sra/sra-instant/reads/ByExp/sra/SRX/SRX008/SRX008228/SRR023828
2866	SRX008228	SRR024220	ftp://ftp-trace.ncbi.nih.gov/sra/sra-instant/reads/ByExp/sra/SRX/SRX008/SRX008228/SRR024220
2866	SRX008197	SRR023662	ftp://ftp-trace.ncbi.nih.gov/sra/sra-instant/reads/ByExp/sra/SRX/SRX008/SRX008197/SRR023662
2867	SRX012269	SRR029236	ftp://ftp-trace.ncbi.nih.gov/sra/sra-instant/reads/ByExp/sra/SRX/SRX012/SRX012269/SRR029236
2867	SRX008022	SRR023598	ftp://ftp-trace.ncbi.nih.gov/sra/sra-instant/reads/ByExp/sra/SRX/SRX008/SRX008022/SRR023598
2867	SRX008185	SRR023674	ftp://ftp-trace.ncbi.nih.gov/sra/sra-instant/reads/ByExp/sra/SRX/SRX008/SRX008185/SRR023674
2867	SRX008216	SRR023757	ftp://ftp-trace.ncbi.nih.gov/sra/sra-instant/reads/ByExp/sra/SRX/SRX008/SRX008216/SRR023757
2867	SRX008022	SRR023548	ftp://ftp-trace.ncbi.nih.gov/sra/sra-instant/reads/ByExp/sra/SRX/SRX008/SRX008022/SRR023548
2867	SRX012269	SRR029232	ftp://ftp-trace.ncbi.nih.gov/sra/sra-instant/reads/ByExp/sra/SRX/SRX012/SRX012269/SRR029232
2867	SRX008183	SRR023712	ftp://ftp-trace.ncbi.nih.gov/sra/sra-instant/reads/ByExp/sra/SRX/SRX008/SRX008183/SRR023712
2867	SRX008185	SRR023681	ftp://ftp-trace.ncbi.nih.gov/sra/sra-instant/reads/ByExp/sra/SRX/SRX008/SRX008185/SRR023681
2868	SRX012270	SRR029230	ftp://ftp-trace.ncbi.nih.gov/sra/sra-instant/reads/ByExp/sra/SRX/SRX012/SRX012270/SRR029230
2868	SRX008024	SRR023547	ftp://ftp-trace.ncbi.nih.gov/sra/sra-instant/reads/ByExp/sra/SRX/SRX008/SRX008024/SRR023547
2868	SRX012270	SRR029234	ftp://ftp-trace.ncbi.nih.gov/sra/sra-instant/reads/ByExp/sra/SRX/SRX012/SRX012270/SRR029234
2868	SRX008202	SRR023651	ftp://ftp-trace.ncbi.nih.gov/sra/sra-instant/reads/ByExp/sra/SRX/SRX008/SRX008202/SRR023651
2868	SRX008195	SRR023730	ftp://ftp-trace.ncbi.nih.gov/sra/sra-instant/reads/ByExp/sra/SRX/SRX008/SRX008195/SRR023730
2868	SRX008173	SRR023717	ftp://ftp-trace.ncbi.nih.gov/sra/sra-instant/reads/ByExp/sra/SRX/SRX008/SRX008173/SRR023717
2868	SRX008024	SRR023607	ftp://ftp-trace.ncbi.nih.gov/sra/sra-instant/reads/ByExp/sra/SRX/SRX008/SRX008024/SRR023607
2868	SRX008254	SRR023645	ftp://ftp-trace.ncbi.nih.gov/sra/sra-instant/reads/ByExp/sra/SRX/SRX008/SRX008254/SRR023645
2869	SRX008012	SRR035394	ftp://ftp-trace.ncbi.nih.gov/sra/sra-instant/reads/ByExp/sra/SRX/SRX008/SRX008012/SRR035394
2869	SRX008170	SRR023678	ftp://ftp-trace.ncbi.nih.gov/sra/sra-instant/reads/ByExp/sra/SRX/SRX008/SRX008170/SRR023678
2869	SRX008170	SRR023664	ftp://ftp-trace.ncbi.nih.gov/sra/sra-instant/reads/ByExp/sra/SRX/SRX008/SRX008170/SRR023664
2869	SRX016332	SRR023648	ftp://ftp-trace.ncbi.nih.gov/sra/sra-instant/reads/ByExp/sra/SRX/SRX016/SRX016332/SRR023648
2869	SRX008012	SRR023543	ftp://ftp-trace.ncbi.nih.gov/sra/sra-instant/reads/ByExp/sra/SRX/SRX008/SRX008012/SRR023543
2869	SRX008268	SRR023741	ftp://ftp-trace.ncbi.nih.gov/sra/sra-instant/reads/ByExp/sra/SRX/SRX008/SRX008268/SRR023741
2869	SRX008263	SRR023825	ftp://ftp-trace.ncbi.nih.gov/sra/sra-instant/reads/ByExp/sra/SRX/SRX008/SRX008263/SRR023825
2870	SRX008260	SRR023714	ftp://ftp-trace.ncbi.nih.gov/sra/sra-instant/reads/ByExp/sra/SRX/SRX008/SRX008260/SRR023714
2870	SRX008191	SRR023823	ftp://ftp-trace.ncbi.nih.gov/sra/sra-instant/reads/ByExp/sra/SRX/SRX008/SRX008191/SRR023823
2870	SRX008028	SRR023601	ftp://ftp-trace.ncbi.nih.gov/sra/sra-instant/reads/ByExp/sra/SRX/SRX008/SRX008028/SRR023601
2870	SRX008260	SRR023752	ftp://ftp-trace.ncbi.nih.gov/sra/sra-instant/reads/ByExp/sra/SRX/SRX008/SRX008260/SRR023752
2870	SRX008223	SRR023650	ftp://ftp-trace.ncbi.nih.gov/sra/sra-instant/reads/ByExp/sra/SRX/SRX008/SRX008223/SRR023650
2870	SRX008223	SRR023698	ftp://ftp-trace.ncbi.nih.gov/sra/sra-instant/reads/ByExp/sra/SRX/SRX008/SRX008223/SRR023698
2870	SRX008191	SRR024218	ftp://ftp-trace.ncbi.nih.gov/sra/sra-instant/reads/ByExp/sra/SRX/SRX008/SRX008191/SRR024218
2870	SRX008028	SRR035395	ftp://ftp-trace.ncbi.nih.gov/sra/sra-instant/reads/ByExp/sra/SRX/SRX008/SRX008028/SRR035395
2871	SRX008021	SRR023605	ftp://ftp-trace.ncbi.nih.gov/sra/sra-instant/reads/ByExp/sra/SRX/SRX008/SRX008021/SRR023605
2871	SRX008021	SRR023606	ftp://ftp-trace.ncbi.nih.gov/sra/sra-instant/reads/ByExp/sra/SRX/SRX008/SRX008021/SRR023606
2871	SRX012271	SRR029176	ftp://ftp-trace.ncbi.nih.gov/sra/sra-instant/reads/ByExp/sra/SRX/SRX012/SRX012271/SRR029176
2871	SRX012271	SRR029233	ftp://ftp-trace.ncbi.nih.gov/sra/sra-instant/reads/ByExp/sra/SRX/SRX012/SRX012271/SRR029233
2871	SRX008203	SRR023679	ftp://ftp-trace.ncbi.nih.gov/sra/sra-instant/reads/ByExp/sra/SRX/SRX008/SRX008203/SRR023679
2871	SRX008232	SRR023658	ftp://ftp-trace.ncbi.nih.gov/sra/sra-instant/reads/ByExp/sra/SRX/SRX008/SRX008232/SRR023658
2871	SRX008229	SRR023672	ftp://ftp-trace.ncbi.nih.gov/sra/sra-instant/reads/ByExp/sra/SRX/SRX008/SRX008229/SRR023672
2871	SRX012271	SRR029231	ftp://ftp-trace.ncbi.nih.gov/sra/sra-instant/reads/ByExp/sra/SRX/SRX012/SRX012271/SRR029231
2871	SRX008232	SRR023642	ftp://ftp-trace.ncbi.nih.gov/sra/sra-instant/reads/ByExp/sra/SRX/SRX008/SRX008232/SRR023642
2871	SRX012271	SRR029235	ftp://ftp-trace.ncbi.nih.gov/sra/sra-instant/reads/ByExp/sra/SRX/SRX012/SRX012271/SRR029235
2871	SRX008226	SRR023713	ftp://ftp-trace.ncbi.nih.gov/sra/sra-instant/reads/ByExp/sra/SRX/SRX008/SRX008226/SRR023713
2871	SRX008021	SRR023550	ftp://ftp-trace.ncbi.nih.gov/sra/sra-instant/reads/ByExp/sra/SRX/SRX008/SRX008021/SRR023550
2872	SRX008026	SRR035410	ftp://ftp-trace.ncbi.nih.gov/sra/sra-instant/reads/ByExp/sra/SRX/SRX008/SRX008026/SRR035410
2872	SRX008174	SRR023835	ftp://ftp-trace.ncbi.nih.gov/sra/sra-instant/reads/ByExp/sra/SRX/SRX008/SRX008174/SRR023835
2872	SRX008239	SRR023706	ftp://ftp-trace.ncbi.nih.gov/sra/sra-instant/reads/ByExp/sra/SRX/SRX008/SRX008239/SRR023706
2872	SRX008239	SRR023646	ftp://ftp-trace.ncbi.nih.gov/sra/sra-instant/reads/ByExp/sra/SRX/SRX008/SRX008239/SRR023646
2872	SRX008201	SRR023661	ftp://ftp-trace.ncbi.nih.gov/sra/sra-instant/reads/ByExp/sra/SRX/SRX008/SRX008201/SRR023661
2872	SRX008026	SRR023597	ftp://ftp-trace.ncbi.nih.gov/sra/sra-instant/reads/ByExp/sra/SRX/SRX008/SRX008026/SRR023597
2872	SRX008201	SRR023666	ftp://ftp-trace.ncbi.nih.gov/sra/sra-instant/reads/ByExp/sra/SRX/SRX008/SRX008201/SRR023666
2873	SRX008008	SRR035411	ftp://ftp-trace.ncbi.nih.gov/sra/sra-instant/reads/ByExp/sra/SRX/SRX008/SRX008008/SRR035411
2873	SRX008211	SRR023719	ftp://ftp-trace.ncbi.nih.gov/sra/sra-instant/reads/ByExp/sra/SRX/SRX008/SRX008211/SRR023719
2873	SRX008255	SRR035223	ftp://ftp-trace.ncbi.nih.gov/sra/sra-instant/reads/ByExp/sra/SRX/SRX008/SRX008255/SRR035223
2873	SRX008255	SRR023761	ftp://ftp-trace.ncbi.nih.gov/sra/sra-instant/reads/ByExp/sra/SRX/SRX008/SRX008255/SRR023761
2873	SRX008168	SRR023824	ftp://ftp-trace.ncbi.nih.gov/sra/sra-instant/reads/ByExp/sra/SRX/SRX008/SRX008168/SRR023824
2873	SRX008008	SRR024016	ftp://ftp-trace.ncbi.nih.gov/sra/sra-instant/reads/ByExp/sra/SRX/SRX008/SRX008008/SRR024016
2873	SRX008261	SRR023670	ftp://ftp-trace.ncbi.nih.gov/sra/sra-instant/reads/ByExp/sra/SRX/SRX008/SRX008261/SRR023670
2873	SRX008008	SRR035412	ftp://ftp-trace.ncbi.nih.gov/sra/sra-instant/reads/ByExp/sra/SRX/SRX008/SRX008008/SRR035412
2873	SRX008008	SRR023542	ftp://ftp-trace.ncbi.nih.gov/sra/sra-instant/reads/ByExp/sra/SRX/SRX008/SRX008008/SRR023542
2874	SRX008244	SRR023760	ftp://ftp-trace.ncbi.nih.gov/sra/sra-instant/reads/ByExp/sra/SRX/SRX008/SRX008244/SRR023760
2874	SRX008224	SRR023677	ftp://ftp-trace.ncbi.nih.gov/sra/sra-instant/reads/ByExp/sra/SRX/SRX008/SRX008224/SRR023677
2874	SRX008009	SRR023507	ftp://ftp-trace.ncbi.nih.gov/sra/sra-instant/reads/ByExp/sra/SRX/SRX008/SRX008009/SRR023507
2874	SRX008194	SRR023649	ftp://ftp-trace.ncbi.nih.gov/sra/sra-instant/reads/ByExp/sra/SRX/SRX008/SRX008194/SRR023649
2874	SRX008009	SRR027111	ftp://ftp-trace.ncbi.nih.gov/sra/sra-instant/reads/ByExp/sra/SRX/SRX008/SRX008009/SRR027111
2874	SRX008207	SRR023731	ftp://ftp-trace.ncbi.nih.gov/sra/sra-instant/reads/ByExp/sra/SRX/SRX008/SRX008207/SRR023731
2875	SRX008029	SRR023546	ftp://ftp-trace.ncbi.nih.gov/sra/sra-instant/reads/ByExp/sra/SRX/SRX008/SRX008029/SRR023546
2875	SRX008184	SRR023726	ftp://ftp-trace.ncbi.nih.gov/sra/sra-instant/reads/ByExp/sra/SRX/SRX008/SRX008184/SRR023726
2875	SRX008206	SRR023758	ftp://ftp-trace.ncbi.nih.gov/sra/sra-instant/reads/ByExp/sra/SRX/SRX008/SRX008206/SRR023758
2875	SRX008206	SRR023638	ftp://ftp-trace.ncbi.nih.gov/sra/sra-instant/reads/ByExp/sra/SRX/SRX008/SRX008206/SRR023638
2875	SRX008029	SRR035413	ftp://ftp-trace.ncbi.nih.gov/sra/sra-instant/reads/ByExp/sra/SRX/SRX008/SRX008029/SRR035413
2875	SRX008220	SRR023697	ftp://ftp-trace.ncbi.nih.gov/sra/sra-instant/reads/ByExp/sra/SRX/SRX008/SRX008220/SRR023697
2875	SRX008029	SRR023608	ftp://ftp-trace.ncbi.nih.gov/sra/sra-instant/reads/ByExp/sra/SRX/SRX008/SRX008029/SRR023608
2875	SRX008267	SRR023640	ftp://ftp-trace.ncbi.nih.gov/sra/sra-instant/reads/ByExp/sra/SRX/SRX008/SRX008267/SRR023640
2876	SRX008014	SRR023505	ftp://ftp-trace.ncbi.nih.gov/sra/sra-instant/reads/ByExp/sra/SRX/SRX008/SRX008014/SRR023505
2876	SRX008200	SRR023690	ftp://ftp-trace.ncbi.nih.gov/sra/sra-instant/reads/ByExp/sra/SRX/SRX008/SRX008200/SRR023690
2876	SRX008189	SRR023676	ftp://ftp-trace.ncbi.nih.gov/sra/sra-instant/reads/ByExp/sra/SRX/SRX008/SRX008189/SRR023676
2876	SRX008182	SRR023742	ftp://ftp-trace.ncbi.nih.gov/sra/sra-instant/reads/ByExp/sra/SRX/SRX008/SRX008182/SRR023742
2876	SRX008014	SRR027108	ftp://ftp-trace.ncbi.nih.gov/sra/sra-instant/reads/ByExp/sra/SRX/SRX008/SRX008014/SRR027108
2876	SRX008182	SRR023683	ftp://ftp-trace.ncbi.nih.gov/sra/sra-instant/reads/ByExp/sra/SRX/SRX008/SRX008182/SRR023683
2876	SRX008187	SRR023692	ftp://ftp-trace.ncbi.nih.gov/sra/sra-instant/reads/ByExp/sra/SRX/SRX008/SRX008187/SRR023692
2877	SRX008156	SRR035392	ftp://ftp-trace.ncbi.nih.gov/sra/sra-instant/reads/ByExp/sra/SRX/SRX008/SRX008156/SRR035392
2877	SRX008253	SRR023782	ftp://ftp-trace.ncbi.nih.gov/sra/sra-instant/reads/ByExp/sra/SRX/SRX008/SRX008253/SRR023782
2877	SRX008245	SRR023865	ftp://ftp-trace.ncbi.nih.gov/sra/sra-instant/reads/ByExp/sra/SRX/SRX008/SRX008245/SRR023865
2877	SRX008156	SRR026433	ftp://ftp-trace.ncbi.nih.gov/sra/sra-instant/reads/ByExp/sra/SRX/SRX008/SRX008156/SRR026433
2877	SRX008199	SRR023739	ftp://ftp-trace.ncbi.nih.gov/sra/sra-instant/reads/ByExp/sra/SRX/SRX008/SRX008199/SRR023739
2877	SRX008199	SRR035219	ftp://ftp-trace.ncbi.nih.gov/sra/sra-instant/reads/ByExp/sra/SRX/SRX008/SRX008199/SRR035219
2877	SRX008199	SRR023729	ftp://ftp-trace.ncbi.nih.gov/sra/sra-instant/reads/ByExp/sra/SRX/SRX008/SRX008199/SRR023729
2878	SRX008269	SRR023784	ftp://ftp-trace.ncbi.nih.gov/sra/sra-instant/reads/ByExp/sra/SRX/SRX008/SRX008269/SRR023784
2878	SRX008276	SRR035217	ftp://ftp-trace.ncbi.nih.gov/sra/sra-instant/reads/ByExp/sra/SRX/SRX008/SRX008276/SRR035217
2878	SRX008204	SRR023837	ftp://ftp-trace.ncbi.nih.gov/sra/sra-instant/reads/ByExp/sra/SRX/SRX008/SRX008204/SRR023837
2878	SRX008276	SRR023687	ftp://ftp-trace.ncbi.nih.gov/sra/sra-instant/reads/ByExp/sra/SRX/SRX008/SRX008276/SRR023687
2878	SRX008276	SRR023695	ftp://ftp-trace.ncbi.nih.gov/sra/sra-instant/reads/ByExp/sra/SRX/SRX008/SRX008276/SRR023695
2878	SRX008157	SRR026432	ftp://ftp-trace.ncbi.nih.gov/sra/sra-instant/reads/ByExp/sra/SRX/SRX008/SRX008157/SRR026432
2878	SRX008272	SRR023704	ftp://ftp-trace.ncbi.nih.gov/sra/sra-instant/reads/ByExp/sra/SRX/SRX008/SRX008272/SRR023704
2879	SRX008023	SRR035414	ftp://ftp-trace.ncbi.nih.gov/sra/sra-instant/reads/ByExp/sra/SRX/SRX008/SRX008023/SRR035414
2879	SRX008023	SRR023544	ftp://ftp-trace.ncbi.nih.gov/sra/sra-instant/reads/ByExp/sra/SRX/SRX008/SRX008023/SRR023544
2879	SRX008246	SRR023647	ftp://ftp-trace.ncbi.nih.gov/sra/sra-instant/reads/ByExp/sra/SRX/SRX008/SRX008246/SRR023647
2879	SRX008218	SRR023639	ftp://ftp-trace.ncbi.nih.gov/sra/sra-instant/reads/ByExp/sra/SRX/SRX008/SRX008218/SRR023639
2879	SRX008248	SRR023833	ftp://ftp-trace.ncbi.nih.gov/sra/sra-instant/reads/ByExp/sra/SRX/SRX008/SRX008248/SRR023833
2879	SRX008246	SRR023716	ftp://ftp-trace.ncbi.nih.gov/sra/sra-instant/reads/ByExp/sra/SRX/SRX008/SRX008246/SRR023716
2879	SRX008275	SRR023689	ftp://ftp-trace.ncbi.nih.gov/sra/sra-instant/reads/ByExp/sra/SRX/SRX008/SRX008275/SRR023689
2880	SRX008016	SRR035415	ftp://ftp-trace.ncbi.nih.gov/sra/sra-instant/reads/ByExp/sra/SRX/SRX008/SRX008016/SRR035415
2880	SRX008219	SRR023756	ftp://ftp-trace.ncbi.nih.gov/sra/sra-instant/reads/ByExp/sra/SRX/SRX008/SRX008219/SRR023756
2880	SRX008264	SRR023830	ftp://ftp-trace.ncbi.nih.gov/sra/sra-instant/reads/ByExp/sra/SRX/SRX008/SRX008264/SRR023830
2880	SRX008016	SRR023541	ftp://ftp-trace.ncbi.nih.gov/sra/sra-instant/reads/ByExp/sra/SRX/SRX008/SRX008016/SRR023541
2880	SRX008192	SRR023656	ftp://ftp-trace.ncbi.nih.gov/sra/sra-instant/reads/ByExp/sra/SRX/SRX008/SRX008192/SRR023656
2880	SRX008236	SRR023708	ftp://ftp-trace.ncbi.nih.gov/sra/sra-instant/reads/ByExp/sra/SRX/SRX008/SRX008236/SRR023708
2881	SRX008186	SRR023743	ftp://ftp-trace.ncbi.nih.gov/sra/sra-instant/reads/ByExp/sra/SRX/SRX008/SRX008186/SRR023743
2881	SRX010758	SRR026431	ftp://ftp-trace.ncbi.nih.gov/sra/sra-instant/reads/ByExp/sra/SRX/SRX010/SRX010758/SRR026431
2881	SRX016331	SRR023667	ftp://ftp-trace.ncbi.nih.gov/sra/sra-instant/reads/ByExp/sra/SRX/SRX016/SRX016331/SRR023667
2881	SRX008240	SRR023829	ftp://ftp-trace.ncbi.nih.gov/sra/sra-instant/reads/ByExp/sra/SRX/SRX008/SRX008240/SRR023829
2881	SRX008186	SRR023785	ftp://ftp-trace.ncbi.nih.gov/sra/sra-instant/reads/ByExp/sra/SRX/SRX008/SRX008186/SRR023785
2881	SRX008171	SRR023721	ftp://ftp-trace.ncbi.nih.gov/sra/sra-instant/reads/ByExp/sra/SRX/SRX008/SRX008171/SRR023721
2882	SRX008169	SRR023744	ftp://ftp-trace.ncbi.nih.gov/sra/sra-instant/reads/ByExp/sra/SRX/SRX008/SRX008169/SRR023744
2882	SRX008172	SRR035218	ftp://ftp-trace.ncbi.nih.gov/sra/sra-instant/reads/ByExp/sra/SRX/SRX008/SRX008172/SRR035218
2882	SRX008155	SRR026430	ftp://ftp-trace.ncbi.nih.gov/sra/sra-instant/reads/ByExp/sra/SRX/SRX008/SRX008155/SRR026430
2882	SRX008172	SRR023748	ftp://ftp-trace.ncbi.nih.gov/sra/sra-instant/reads/ByExp/sra/SRX/SRX008/SRX008172/SRR023748
2882	SRX008542	SRR024216	ftp://ftp-trace.ncbi.nih.gov/sra/sra-instant/reads/ByExp/sra/SRX/SRX008/SRX008542/SRR024216
2882	SRX008155	SRR035391	ftp://ftp-trace.ncbi.nih.gov/sra/sra-instant/reads/ByExp/sra/SRX/SRX008/SRX008155/SRR035391
2882	SRX008231	SRR023738	ftp://ftp-trace.ncbi.nih.gov/sra/sra-instant/reads/ByExp/sra/SRX/SRX008/SRX008231/SRR023738
2882	SRX008169	SRR023783	ftp://ftp-trace.ncbi.nih.gov/sra/sra-instant/reads/ByExp/sra/SRX/SRX008/SRX008169/SRR023783
2883	SRX008209	SRR023735	ftp://ftp-trace.ncbi.nih.gov/sra/sra-instant/reads/ByExp/sra/SRX/SRX008/SRX008209/SRR023735
2883	SRX008270	SRR023827	ftp://ftp-trace.ncbi.nih.gov/sra/sra-instant/reads/ByExp/sra/SRX/SRX008/SRX008270/SRR023827
2883	SRX008017	SRR035416	ftp://ftp-trace.ncbi.nih.gov/sra/sra-instant/reads/ByExp/sra/SRX/SRX008/SRX008017/SRR035416
2883	SRX008230	SRR023653	ftp://ftp-trace.ncbi.nih.gov/sra/sra-instant/reads/ByExp/sra/SRX/SRX008/SRX008230/SRR023653
2883	SRX008230	SRR023740	ftp://ftp-trace.ncbi.nih.gov/sra/sra-instant/reads/ByExp/sra/SRX/SRX008/SRX008230/SRR023740
2883	SRX008209	SRR023723	ftp://ftp-trace.ncbi.nih.gov/sra/sra-instant/reads/ByExp/sra/SRX/SRX008/SRX008209/SRR023723
2883	SRX008017	SRR023609	ftp://ftp-trace.ncbi.nih.gov/sra/sra-instant/reads/ByExp/sra/SRX/SRX008/SRX008017/SRR023609
2884	SRX007811	SRR035418	ftp://ftp-trace.ncbi.nih.gov/sra/sra-instant/reads/ByExp/sra/SRX/SRX007/SRX007811/SRR035418
2884	SRX008258	SRR023659	ftp://ftp-trace.ncbi.nih.gov/sra/sra-instant/reads/ByExp/sra/SRX/SRX008/SRX008258/SRR023659
2884	SRX007811	SRR023199	ftp://ftp-trace.ncbi.nih.gov/sra/sra-instant/reads/ByExp/sra/SRX/SRX007/SRX007811/SRR023199
2884	SRX007811	SRR024013	ftp://ftp-trace.ncbi.nih.gov/sra/sra-instant/reads/ByExp/sra/SRX/SRX007/SRX007811/SRR024013
2884	SRX007811	SRR035417	ftp://ftp-trace.ncbi.nih.gov/sra/sra-instant/reads/ByExp/sra/SRX/SRX007/SRX007811/SRR035417
2884	SRX008238	SRR023755	ftp://ftp-trace.ncbi.nih.gov/sra/sra-instant/reads/ByExp/sra/SRX/SRX008/SRX008238/SRR023755
2884	SRX008180	SRR023747	ftp://ftp-trace.ncbi.nih.gov/sra/sra-instant/reads/ByExp/sra/SRX/SRX008/SRX008180/SRR023747
2884	SRX008180	SRR023663	ftp://ftp-trace.ncbi.nih.gov/sra/sra-instant/reads/ByExp/sra/SRX/SRX008/SRX008180/SRR023663
2884	SRX007811	SRR027110	ftp://ftp-trace.ncbi.nih.gov/sra/sra-instant/reads/ByExp/sra/SRX/SRX007/SRX007811/SRR027110
2884	SRX008227	SRR023671	ftp://ftp-trace.ncbi.nih.gov/sra/sra-instant/reads/ByExp/sra/SRX/SRX008/SRX008227/SRR023671
2885	SRX008271	SRR023745	ftp://ftp-trace.ncbi.nih.gov/sra/sra-instant/reads/ByExp/sra/SRX/SRX008/SRX008271/SRR023745
2885	SRX008015	SRR027112	ftp://ftp-trace.ncbi.nih.gov/sra/sra-instant/reads/ByExp/sra/SRX/SRX008/SRX008015/SRR027112
2885	SRX008179	SRR023705	ftp://ftp-trace.ncbi.nih.gov/sra/sra-instant/reads/ByExp/sra/SRX/SRX008/SRX008179/SRR023705
2885	SRX008193	SRR023722	ftp://ftp-trace.ncbi.nih.gov/sra/sra-instant/reads/ByExp/sra/SRX/SRX008/SRX008193/SRR023722
2885	SRX008015	SRR023502	ftp://ftp-trace.ncbi.nih.gov/sra/sra-instant/reads/ByExp/sra/SRX/SRX008/SRX008015/SRR023502
2885	SRX008190	SRR023660	ftp://ftp-trace.ncbi.nih.gov/sra/sra-instant/reads/ByExp/sra/SRX/SRX008/SRX008190/SRR023660
2886	SRX008027	SRR035406	ftp://ftp-trace.ncbi.nih.gov/sra/sra-instant/reads/ByExp/sra/SRX/SRX008/SRX008027/SRR035406
2886	SRX008250	SRR023836	ftp://ftp-trace.ncbi.nih.gov/sra/sra-instant/reads/ByExp/sra/SRX/SRX008/SRX008250/SRR023836
2886	SRX008217	SRR023746	ftp://ftp-trace.ncbi.nih.gov/sra/sra-instant/reads/ByExp/sra/SRX/SRX008/SRX008217/SRR023746
2886	SRX008027	SRR035405	ftp://ftp-trace.ncbi.nih.gov/sra/sra-instant/reads/ByExp/sra/SRX/SRX008/SRX008027/SRR035405
2886	SRX008265	SRR023669	ftp://ftp-trace.ncbi.nih.gov/sra/sra-instant/reads/ByExp/sra/SRX/SRX008/SRX008265/SRR023669
2886	SRX008027	SRR024014	ftp://ftp-trace.ncbi.nih.gov/sra/sra-instant/reads/ByExp/sra/SRX/SRX008/SRX008027/SRR024014
2886	SRX008265	SRR035220	ftp://ftp-trace.ncbi.nih.gov/sra/sra-instant/reads/ByExp/sra/SRX/SRX008/SRX008265/SRR035220
2886	SRX008027	SRR023539	ftp://ftp-trace.ncbi.nih.gov/sra/sra-instant/reads/ByExp/sra/SRX/SRX008/SRX008027/SRR023539
2886	SRX008181	SRR023696	ftp://ftp-trace.ncbi.nih.gov/sra/sra-instant/reads/ByExp/sra/SRX/SRX008/SRX008181/SRR023696
2887	SRX008025	SRR035408	ftp://ftp-trace.ncbi.nih.gov/sra/sra-instant/reads/ByExp/sra/SRX/SRX008/SRX008025/SRR035408
2887	SRX008175	SRR023732	ftp://ftp-trace.ncbi.nih.gov/sra/sra-instant/reads/ByExp/sra/SRX/SRX008/SRX008175/SRR023732
2887	SRX008025	SRR024009	ftp://ftp-trace.ncbi.nih.gov/sra/sra-instant/reads/ByExp/sra/SRX/SRX008/SRX008025/SRR024009
2887	SRX008257	SRR023668	ftp://ftp-trace.ncbi.nih.gov/sra/sra-instant/reads/ByExp/sra/SRX/SRX008/SRX008257/SRR023668
2887	SRX008212	SRR023691	ftp://ftp-trace.ncbi.nih.gov/sra/sra-instant/reads/ByExp/sra/SRX/SRX008/SRX008212/SRR023691
2887	SRX008210	SRR023654	ftp://ftp-trace.ncbi.nih.gov/sra/sra-instant/reads/ByExp/sra/SRX/SRX008/SRX008210/SRR023654
2887	SRX008025	SRR023504	ftp://ftp-trace.ncbi.nih.gov/sra/sra-instant/reads/ByExp/sra/SRX/SRX008/SRX008025/SRR023504
2887	SRX008025	SRR027113	ftp://ftp-trace.ncbi.nih.gov/sra/sra-instant/reads/ByExp/sra/SRX/SRX008/SRX008025/SRR027113
2887	SRX008025	SRR035407	ftp://ftp-trace.ncbi.nih.gov/sra/sra-instant/reads/ByExp/sra/SRX/SRX008/SRX008025/SRR035407
2887	SRX008175	SRR024217	ftp://ftp-trace.ncbi.nih.gov/sra/sra-instant/reads/ByExp/sra/SRX/SRX008/SRX008175/SRR024217
2887	SRX008257	SRR023688	ftp://ftp-trace.ncbi.nih.gov/sra/sra-instant/reads/ByExp/sra/SRX/SRX008/SRX008257/SRR023688
2888	SRX008273	SRR023749	ftp://ftp-trace.ncbi.nih.gov/sra/sra-instant/reads/ByExp/sra/SRX/SRX008/SRX008273/SRR023749
2888	SRX008252	SRR024219	ftp://ftp-trace.ncbi.nih.gov/sra/sra-instant/reads/ByExp/sra/SRX/SRX008/SRX008252/SRR024219
2888	SRX008010	SRR023596	ftp://ftp-trace.ncbi.nih.gov/sra/sra-instant/reads/ByExp/sra/SRX/SRX008/SRX008010/SRR023596
2888	SRX008274	SRR023754	ftp://ftp-trace.ncbi.nih.gov/sra/sra-instant/reads/ByExp/sra/SRX/SRX008/SRX008274/SRR023754
2888	SRX008010	SRR023549	ftp://ftp-trace.ncbi.nih.gov/sra/sra-instant/reads/ByExp/sra/SRX/SRX008/SRX008010/SRR023549
2888	SRX008249	SRR023701	ftp://ftp-trace.ncbi.nih.gov/sra/sra-instant/reads/ByExp/sra/SRX/SRX008/SRX008249/SRR023701
2888	SRX008010	SRR023603	ftp://ftp-trace.ncbi.nih.gov/sra/sra-instant/reads/ByExp/sra/SRX/SRX008/SRX008010/SRR023603
2888	SRX008249	SRR023750	ftp://ftp-trace.ncbi.nih.gov/sra/sra-instant/reads/ByExp/sra/SRX/SRX008/SRX008249/SRR023750
2888	SRX008273	SRR023759	ftp://ftp-trace.ncbi.nih.gov/sra/sra-instant/reads/ByExp/sra/SRX/SRX008/SRX008273/SRR023759
2888	SRX008010	SRR035409	ftp://ftp-trace.ncbi.nih.gov/sra/sra-instant/reads/ByExp/sra/SRX/SRX008/SRX008010/SRR035409
2888	SRX008252	SRR023657	ftp://ftp-trace.ncbi.nih.gov/sra/sra-instant/reads/ByExp/sra/SRX/SRX008/SRX008252/SRR023657
2889	SRX008243	SRR024221	ftp://ftp-trace.ncbi.nih.gov/sra/sra-instant/reads/ByExp/sra/SRX/SRX008/SRX008243/SRR024221
2889	SRX008198	SRR023694	ftp://ftp-trace.ncbi.nih.gov/sra/sra-instant/reads/ByExp/sra/SRX/SRX008/SRX008198/SRR023694
2889	SRX008005	SRR035397	ftp://ftp-trace.ncbi.nih.gov/sra/sra-instant/reads/ByExp/sra/SRX/SRX008/SRX008005/SRR035397
2889	SRX008005	SRR035396	ftp://ftp-trace.ncbi.nih.gov/sra/sra-instant/reads/ByExp/sra/SRX/SRX008/SRX008005/SRR035396
2889	SRX008208	SRR023644	ftp://ftp-trace.ncbi.nih.gov/sra/sra-instant/reads/ByExp/sra/SRX/SRX008/SRX008208/SRR023644
2889	SRX008247	SRR023727	ftp://ftp-trace.ncbi.nih.gov/sra/sra-instant/reads/ByExp/sra/SRX/SRX008/SRX008247/SRR023727
2889	SRX008005	SRR023604	ftp://ftp-trace.ncbi.nih.gov/sra/sra-instant/reads/ByExp/sra/SRX/SRX008/SRX008005/SRR023604
2889	SRX008005	SRR024010	ftp://ftp-trace.ncbi.nih.gov/sra/sra-instant/reads/ByExp/sra/SRX/SRX008/SRX008005/SRR024010
2889	SRX008243	SRR023831	ftp://ftp-trace.ncbi.nih.gov/sra/sra-instant/reads/ByExp/sra/SRX/SRX008/SRX008243/SRR023831
2890	SRX008018	SRR023602	ftp://ftp-trace.ncbi.nih.gov/sra/sra-instant/reads/ByExp/sra/SRX/SRX008/SRX008018/SRR023602
2890	SRX008018	SRR035399	ftp://ftp-trace.ncbi.nih.gov/sra/sra-instant/reads/ByExp/sra/SRX/SRX008/SRX008018/SRR035399
2890	SRX008235	SRR023703	ftp://ftp-trace.ncbi.nih.gov/sra/sra-instant/reads/ByExp/sra/SRX/SRX008/SRX008235/SRR023703
2890	SRX008018	SRR024012	ftp://ftp-trace.ncbi.nih.gov/sra/sra-instant/reads/ByExp/sra/SRX/SRX008/SRX008018/SRR024012
2890	SRX008177	SRR023643	ftp://ftp-trace.ncbi.nih.gov/sra/sra-instant/reads/ByExp/sra/SRX/SRX008/SRX008177/SRR023643
2890	SRX008018	SRR035398	ftp://ftp-trace.ncbi.nih.gov/sra/sra-instant/reads/ByExp/sra/SRX/SRX008/SRX008018/SRR035398
2890	SRX008277	SRR023832	ftp://ftp-trace.ncbi.nih.gov/sra/sra-instant/reads/ByExp/sra/SRX/SRX008/SRX008277/SRR023832
2890	SRX008225	SRR023724	ftp://ftp-trace.ncbi.nih.gov/sra/sra-instant/reads/ByExp/sra/SRX/SRX008/SRX008225/SRR023724
2890	SRX008235	SRR035221	ftp://ftp-trace.ncbi.nih.gov/sra/sra-instant/reads/ByExp/sra/SRX/SRX008/SRX008235/SRR035221
2891	SRX008262	SRR023822	ftp://ftp-trace.ncbi.nih.gov/sra/sra-instant/reads/ByExp/sra/SRX/SRX008/SRX008262/SRR023822
2891	SRX008007	SRR035400	ftp://ftp-trace.ncbi.nih.gov/sra/sra-instant/reads/ByExp/sra/SRX/SRX008/SRX008007/SRR035400
2891	SRX008233	SRR023641	ftp://ftp-trace.ncbi.nih.gov/sra/sra-instant/reads/ByExp/sra/SRX/SRX008/SRX008233/SRR023641
2891	SRX008196	SRR023734	ftp://ftp-trace.ncbi.nih.gov/sra/sra-instant/reads/ByExp/sra/SRX/SRX008/SRX008196/SRR023734
2891	SRX008233	SRR023736	ftp://ftp-trace.ncbi.nih.gov/sra/sra-instant/reads/ByExp/sra/SRX/SRX008/SRX008233/SRR023736
2891	SRX008007	SRR035401	ftp://ftp-trace.ncbi.nih.gov/sra/sra-instant/reads/ByExp/sra/SRX/SRX008/SRX008007/SRR035401
2891	SRX008007	SRR023540	ftp://ftp-trace.ncbi.nih.gov/sra/sra-instant/reads/ByExp/sra/SRX/SRX008/SRX008007/SRR023540
2891	SRX008007	SRR024011	ftp://ftp-trace.ncbi.nih.gov/sra/sra-instant/reads/ByExp/sra/SRX/SRX008/SRX008007/SRR024011
2891	SRX008237	SRR023725	ftp://ftp-trace.ncbi.nih.gov/sra/sra-instant/reads/ByExp/sra/SRX/SRX008/SRX008237/SRR023725
2892	SRX008278	SRR023707	ftp://ftp-trace.ncbi.nih.gov/sra/sra-instant/reads/ByExp/sra/SRX/SRX008/SRX008278/SRR023707
2892	SRX008178	SRR023751	ftp://ftp-trace.ncbi.nih.gov/sra/sra-instant/reads/ByExp/sra/SRX/SRX008/SRX008178/SRR023751
2892	SRX008178	SRR023720	ftp://ftp-trace.ncbi.nih.gov/sra/sra-instant/reads/ByExp/sra/SRX/SRX008/SRX008178/SRR023720
2892	SRX008006	SRR023600	ftp://ftp-trace.ncbi.nih.gov/sra/sra-instant/reads/ByExp/sra/SRX/SRX008/SRX008006/SRR023600
2892	SRX008205	SRR023715	ftp://ftp-trace.ncbi.nih.gov/sra/sra-instant/reads/ByExp/sra/SRX/SRX008/SRX008205/SRR023715
2892	SRX008242	SRR023826	ftp://ftp-trace.ncbi.nih.gov/sra/sra-instant/reads/ByExp/sra/SRX/SRX008/SRX008242/SRR023826
2892	SRX008006	SRR035402	ftp://ftp-trace.ncbi.nih.gov/sra/sra-instant/reads/ByExp/sra/SRX/SRX008/SRX008006/SRR035402
2893	SRX008215	SRR024215	ftp://ftp-trace.ncbi.nih.gov/sra/sra-instant/reads/ByExp/sra/SRX/SRX008/SRX008215/SRR024215
2893	SRX008222	SRR023673	ftp://ftp-trace.ncbi.nih.gov/sra/sra-instant/reads/ByExp/sra/SRX/SRX008/SRX008222/SRR023673
2893	SRX008215	SRR023686	ftp://ftp-trace.ncbi.nih.gov/sra/sra-instant/reads/ByExp/sra/SRX/SRX008/SRX008215/SRR023686
2893	SRX008020	SRR023503	ftp://ftp-trace.ncbi.nih.gov/sra/sra-instant/reads/ByExp/sra/SRX/SRX008/SRX008020/SRR023503
2893	SRX008259	SRR023699	ftp://ftp-trace.ncbi.nih.gov/sra/sra-instant/reads/ByExp/sra/SRX/SRX008/SRX008259/SRR023699
2893	SRX008259	SRR035222	ftp://ftp-trace.ncbi.nih.gov/sra/sra-instant/reads/ByExp/sra/SRX/SRX008/SRX008259/SRR035222
2893	SRX008020	SRR027114	ftp://ftp-trace.ncbi.nih.gov/sra/sra-instant/reads/ByExp/sra/SRX/SRX008/SRX008020/SRR027114
2893	SRX008259	SRR023700	ftp://ftp-trace.ncbi.nih.gov/sra/sra-instant/reads/ByExp/sra/SRX/SRX008/SRX008259/SRR023700
2893	SRX008020	SRR023599	ftp://ftp-trace.ncbi.nih.gov/sra/sra-instant/reads/ByExp/sra/SRX/SRX008/SRX008020/SRR023599
2893	SRX008020	SRR035403	ftp://ftp-trace.ncbi.nih.gov/sra/sra-instant/reads/ByExp/sra/SRX/SRX008/SRX008020/SRR035403
2893	SRX008213	SRR023682	ftp://ftp-trace.ncbi.nih.gov/sra/sra-instant/reads/ByExp/sra/SRX/SRX008/SRX008213/SRR023682
2894	SRX008221	SRR023684	ftp://ftp-trace.ncbi.nih.gov/sra/sra-instant/reads/ByExp/sra/SRX/SRX008/SRX008221/SRR023684
2894	SRX008241	SRR023728	ftp://ftp-trace.ncbi.nih.gov/sra/sra-instant/reads/ByExp/sra/SRX/SRX008/SRX008241/SRR023728
2894	SRX008256	SRR023718	ftp://ftp-trace.ncbi.nih.gov/sra/sra-instant/reads/ByExp/sra/SRX/SRX008/SRX008256/SRR023718
2894	SRX008011	SRR027109	ftp://ftp-trace.ncbi.nih.gov/sra/sra-instant/reads/ByExp/sra/SRX/SRX008/SRX008011/SRR027109
2894	SRX008214	SRR023665	ftp://ftp-trace.ncbi.nih.gov/sra/sra-instant/reads/ByExp/sra/SRX/SRX008/SRX008214/SRR023665
2894	SRX008011	SRR023506	ftp://ftp-trace.ncbi.nih.gov/sra/sra-instant/reads/ByExp/sra/SRX/SRX008/SRX008011/SRR023506
2895	SRX008234	SRR023711	ftp://ftp-trace.ncbi.nih.gov/sra/sra-instant/reads/ByExp/sra/SRX/SRX008/SRX008234/SRR023711
2895	SRX008167	SRR023834	ftp://ftp-trace.ncbi.nih.gov/sra/sra-instant/reads/ByExp/sra/SRX/SRX008/SRX008167/SRR023834
2895	SRX008019	SRR035404	ftp://ftp-trace.ncbi.nih.gov/sra/sra-instant/reads/ByExp/sra/SRX/SRX008/SRX008019/SRR035404
2895	SRX008266	SRR023685	ftp://ftp-trace.ncbi.nih.gov/sra/sra-instant/reads/ByExp/sra/SRX/SRX008/SRX008266/SRR023685
2895	SRX008019	SRR023538	ftp://ftp-trace.ncbi.nih.gov/sra/sra-instant/reads/ByExp/sra/SRX/SRX008/SRX008019/SRR023538
2895	SRX008019	SRR024015	ftp://ftp-trace.ncbi.nih.gov/sra/sra-instant/reads/ByExp/sra/SRX/SRX008/SRX008019/SRR024015
2895	SRX008251	SRR023733	ftp://ftp-trace.ncbi.nih.gov/sra/sra-instant/reads/ByExp/sra/SRX/SRX008/SRX008251/SRR023733
