21	E0-12_BEAF 32 ChIP-chip	GSM409067
22	E0-12_CP190 ChIP-chip	GSM409068
23	Embryo 0-12h GAF ChIP-chip	GSM409071
24	Embryo 0-12h Mod(mdg4) ChIP-chip	GSM409072
27	Embryo 0-12h SuHw ChIP-chip	GSM409073
40	Dm_1182-4H_TotalRNA_p200_038-040-042_38bp	GSE16269,GSM409470,GSM409471,GSM409472
43	HTZ-1_N2_Mixed_Embryos (BK00001_HTZ1_N2_MXEMB)	GSM257465
44	POL-2_N2_Mixed_Embryos (CVMMS126R_8WG16_N2_MXEMB)	GSM257637
48	Dm_CME-L1_TotalRNA_p200_086-088-090_38bp	GSE16270,GSM409473,GSM409474,GSM409475
49	Dm_CME-W1-Cl.8p_TotalRNA_p200_060-062-064_38bp	GSE16271,GSM409476,GSM409477,GSM409478
50	Dm_GM2_TotalRNA_p200_008-010-012_38bp	GSE16272,GSM409479,GSM409479,GSM409480,GSM409481
51	Dm_Kc167_TotalRNA_p200_002-004-006_38bp	GSE16273,GSM409482,GSM409483,GSM409484
52	Dm_ML-DmBG1-c2_TotalRNA_p200_116-118-120_38bp	GSE16274,GSM409485,GSM409486,GSM409487
53	Dm_ML-DmBG3-c2_TotalRNA_p200_122-124-126_38bp	GSE16275,GSM409488,GSM409489,GSM409490
54	Dm_ML-DmD11_TotalRNA_p200_170-172-174_38bp	GSE16276,GSM409491,GSM409492,GSM409493
55	Dm_DmD17-c3_TotalRNA_p200_194-196-198_38bp	GSE16277,GSM409494,GSM409495,GSM409496
56	Dm_DmD20-c2_TotalRNA_p200_182-184-186_38bp	GSE16278,GSM409497,GSM409498,GSM409499
57	Dm_DmD20-c5_TotalRNA_p200_188-190-192_38bp	GSE16279,GSM409500,GSM409501,GSM409502
58	Dm_DmD21_TotalRNA_p200_050-052-054_38bp	GSE16280,GSM409503,GSM409504,GSM409505
59	Dm_DmD32_TotalRNA_p200_164-166-168_38bp	GSE16281,GSM409506,GSM409507,GSM409508
60	Dm_DmD4-c1_TotalRNA_p200_140-142-144_38bp	GSE16282,GSM409509,GSM409510,GSM409511
61	Dm_DmD8_TotalRNA_p200_206-208-210_38bp	GSE16283,GSM409512,GSM409513,GSM409514
62	Dm_DmD9_TotalRNA_p200_072-074-076_38bp	GSE16284,GSM409515,GSM409516,GSM409517
63	Dm_S1_TotalRNA_p200_026-028-030_38bp	GSE16285,GSM409518,GSM409519,GSM409520
64	Dm_S2-DRSC_TotalRNA_p200_014-016-018_38bp	GSE16286,GSM409521,GSM409522,GSM409523
65	Dm_S2Rp_TotalRNA_p200_020-022-024_38bp	GSE16287,GSM409524,GSM409525,GSM409526
66	Dm_S3_TotalRNA_p200_104-106-108_38bp	GSE16288,GSM409527,GSM409528,GSM409529
67	Dm_Sg4_TotalRNA_p200_200-202-204_38bp	GSE16289,GSM409530,GSM409531,GSM409532
69	Dm_DmD16-c3_TotalRNA_p200_138-136-138_38bp	GSE16290,GSM409533,GSM409534,GSM409535
90	DPY-27_N2_Mixed_Embryos (JL00001_DPY27_N2_MXEMB)	GSM147959
93	Dm_y[1]cn[1] bw[1] sp[1]_larval_L1_TotalRNA_p200_284-286-288_38bp	GSE16292,GSM409538,GSM409539,GSM409540
94	Dm_y[1]cn[1] bw[1] sp[1]_larval_L2_TotalRNA_p200_290-292-294_38bp	GSE16293,GSM409541,GSM409542,GSM409543
95	Dm_y[1]cn[1] bw[1] sp[1]_prepupa_WhitePrePupae_TotalRNA_p200_326-328-330_38bp	GSE16294,GSM409544,GSM409545,GSM409546
96	Dm_y[1]cn[1] bw[1] sp[1]_adult_Female_1dayPostEclosion_TotalRNA_p200_374-376-378_38bp	GSE16295,GSM409547,GSM409548,GSM409549
97	Dm_y[1]cn[1] bw[1] sp[1]_adult_Female_5dayPostEclosion_TotalRNA_p200_386-388-390_38bp	GSE16296,GSM409550,GSM409551,GSM409552
98	Dm_y[1]cn[1] bw[1] sp[1]_adult_Male_1dayPostEclosion_TotalRNA_p200_368-370-372_38bp	GSE16297,GSM409553,GSM409554,GSM409555
99	Dm_y[1]cn[1] bw[1] sp[1]_adult_Male_5dayPostEclosion_TotalRNA_p200_380-382-384_38bp	GSE16298,GSM409556,GSM409557,GSM409558
100	Dm_y[1]cn[1] bw[1] sp[1]_larval_L3_gut_stage1_TotalRNA_p200_440-442-444_38bp	GSE16299,GSM409559,GSM409560,GSM409561
101	Dm_y[1]cn[1] bw[1] sp[1]_embryo_0-2h_TotalRNA_p200_212-214-216_38bp	GSE16300,GSM409562,GSM409563,GSM409564
102	Dm_y[1]cn[1] bw[1] sp[1]_embryo_0-2h_poly-Ap_p200_403-404-405_38bp	GSE16301,GSM409565,GSM409566,GSM409567
103	Dm_y[1]cn[1] bw[1] sp[1]_embryo_8-10h_TotalRNA_p200_236-238-240_38bp	GSE16302,GSM409568,GSM409569,GSM409570
104	Dm_y[1]cn[1] bw[1] sp[1]_embryo_8-10h_poly-Ap_p200_415-416-417_38bp	GSE16303,GSM409571,GSM409572,GSM409573
105	Dm_y[1]cn[1] bw[1] sp[1]_embryo_10-12h_TotalRNA_p200_242-244-246_38bp	GSE16304,GSM409574,GSM409575,GSM409576
106	Dm_y[1]cn[1] bw[1] sp[1]_embryo_10-12h_poly-Ap_p200_418-419-420_38bp	GSE16305,GSM409577,GSM409578,GSM409579
107	Dm_y[1]cn[1] bw[1] sp[1]_embryo_12-14h_TotalRNA_p200_248-250-252_38bp	GSE16306,GSM409580,GSM409581,GSM409582
108	Dm_y[1]cn[1] bw[1] sp[1]_embryo_12-14h_poly-Ap_p200_421-422-423_38bp	GSE16307,GSM409583,GSM409584,GSM409585
109	Dm_y[1]cn[1] bw[1] sp[1]_embryo_14-16h_TotalRNA_p200_254-256-258_38bp	GSE16308,GSM409586,GSM409587,GSM409588
110	Dm_y[1]cn[1] bw[1] sp[1]_embryo_14-16h_poly-Ap_p200_424-425_38bp	GSE16309,GSM409589,GSM409590
111	Dm_y[1]cn[1] bw[1] sp[1]_embryo_16-18h_TotalRNA_p200_260-262-264_38bp	GSE16310,GSM409591,GSM409592,GSM409593
112	Dm_y[1]cn[1] bw[1] sp[1]_embryo_16-18h_poly-Ap_p200_427-428-429_38bp	GSE16311,GSM409594,GSM409595,GSM409596
113	Dm_y[1]cn[1] bw[1] sp[1]_embryo_18-20h_TotalRNA_p200_266-268-270_38bp	GSE16312,GSM409597,GSM409598,GSM409599
114	Dm_y[1]cn[1] bw[1] sp[1]_embryo_18-20h_poly-Ap_p200_431-432_38bp	GSE16313,GSM409600,GSM409601
115	Dm_y[1]cn[1] bw[1] sp[1]_embryo_20-22h_poly-Ap_p200_433-434-435_38bp	GSE16314,GSM409602,GSM409603,GSM409604
116	Dm_y[1]cn[1] bw[1] sp[1]_embryo_20-22h_TotalRNA_p200_274-276_38bp	GSE16315,GSM409605,GSM409606
117	Dm_y[1]cn[1] bw[1] sp[1]_embryo_22-24h_TotalRNA_p200_278-280-282_38bp	GSE16316,GSM409607,GSM409608,GSM409609
118	Dm_y[1]cn[1] bw[1] sp[1]_embryo_2-4h_TotalRNA_p200_218-220-222_38bp	GSE16317,GSM409610,GSM409611,GSM409612
119	Dm_y[1]cn[1] bw[1] sp[1]_embryo_2-4h_poly-Ap_p200_406-407-408_38bp	GSE16318,GSM409613,GSM409614,GSM409615
120	Dm_y[1]cn[1] bw[1] sp[1]_embryo_4-6h_TotalRNA_p200_224-226-228_38bp	GSE16319,GSM409616,GSM409617,GSM409618
121	Dm_y[1]cn[1] bw[1] sp[1]_embryo_4-6h_poly-Ap_p200_409-410-411_38bp	GSE23219,GSM571093,GSM571093,GSM571094,GSM571095
122	Dm_y[1]cn[1] bw[1] sp[1]_embryo_6-8h_poly-Ap_p200_412-413-414_38bp	GSE16320,GSM409619,GSM409620,GSM409621
127	SDC-3_N2_Mixed_Embryos_(JL00002_SDC3_N2_MXEMB)	GSM147967
139	Dm_mbn2_TotalRNA_p200_044-046-048_38bp	GSE16321,GSM409622,GSM409623,GSM409624
140	Dm_CME_W2_TotalRNA_p200_460-462-464_38bp	GSE16322,GSM409625,GSM409626,GSM409627
174	POL-2_CTD_Mixed_Embryos (ABAB5408_4H8_N2_MXEMB)	GSE22669,GSM562194,GSM562195,GSM562196,GSM562197,GSM562198,GSM562199
175	Histone_H3K36me3_from_N2_L3_larvae_(AB9050_H3K36ME3_N2_L3)	GSE22670,GSM562200,GSM562201,GSM562202
176	Histone_H3K4me3_from_N2_L3_larvae_(AR0169_H3K4me3_N2_L3)	GSE22697,GSM562582,GSM562583,GSM562584
179	Negative_control_antibody_from_N2_L3_larvae_(JA00002_IGG_N2_L3)	GSE22698,GSM562585,GSM562586,GSM562587
188	Histone_H3K9me3_from_N2_L3_larvae_(UP07442_H3K9ME3_N2_L3)	GSE22699,GSM562588,GSM562589,GSM562590
194	HCP-3_CENP-A_Mixed_Embryos_(OD00001_HCP3_N2_MXEMB)	GSE15064,GSM376935,GSM376936,GSM376937,GSM376938,GSM376939,GSM376940,GSM376941,GSM376942,GSM376943
195	MES-4_FLAG_Early_Embryos_(SGF3165_FLAG_MES4FLAG_EEMB)	GSE16133,GSM403975,GSM403976,GSM403977,GSM403978,GSM403979,GSM403980,GSM403981,GSM403982,GSM403983
201	H4AcTetra.S2	GSE20759,GSM520775,GSM520775,GSM520776,GSM520777,GSM520778,GSM520779
202	NA_MES4FLAG_EEMB	GSE22700,GSM562591,GSM562592,GSM562593,GSM562594,GSM562595,GSM562596
267	Dm_Kc167_nuclearRNA_p200_475-476-477_38bp	GSE16323,GSM409628,GSM409629,GSM409630
268	Dm_Kc167_polyApRNA_p200_145-146-147_38bp	GSE16324,GSM409631,GSM409632,GSM409633
274	BEAF-HB.S2	GSE20760,GSM520780,GSM520780,GSM520781,GSM520782,GSM520783
275	Chro(Chriz)BR.BG3	GSE20761,GSM520784,GSM520784,GSM520785,GSM520786,GSM520787
276	Chro(Chriz)BR.Clone_8	GSE20762,GSM520788,GSM520788,GSM520789,GSM520790,GSM520791
277	Chro(Chriz)BR.Kc	GSE20763,GSM520792,GSM520792,GSM520793,GSM520794,GSM520795
278	Chro(Chriz)BR.S2	GSE20764,GSM520796,GSM520796,GSM520797,GSM520798,GSM520799
279	Chro(Chriz)WR.S2	GSE20765,GSM520800,GSM520800,GSM520801,GSM520802,GSM520803
280	CP190-VC.S2	GSE20766,GSM520804,GSM520804,GSM520805,GSM520806,GSM520807
282	CTCF-VC.BG3	GSE20767,GSM520808,GSM520808,GSM520809,GSM520810,GSM520811
283	CTCF-VC.S2	GSE20768,GSM520812,GSM520812,GSM520813,GSM520814,GSM520815
284	Ez.S2	GSE20769,GSM520816,GSM520816,GSM520817,GSM520818,GSM520819,GSM520820,GSM520821
285	GAF.S2	GSE20770,GSM520822,GSM520822,GSM520823,GSM520824,GSM520825
288	H2B-ubiq (NRO3).BG3	GSE20771,GSM520826,GSM520826,GSM520827,GSM520828,GSM520829
289	H2B-ubiq (NRO3).Kc	GSE20772,GSM520830,GSM520830,GSM520831,GSM520832,GSM520833
290	H2B-ubiq (NRO3).S2	GSE20773,GSM520834,GSM520834,GSM520835,GSM520836,GSM520837
291	H3K18ac.BG3	GSE20774,GSM520838,GSM520838,GSM520839,GSM520840,GSM520841
292	H3K18ac.S2	GSE20775,GSM520842,GSM520842,GSM520843,GSM520844,GSM520845
293	H3K23ac.BG3	GSE20776,GSM520846,GSM520846,GSM520847,GSM520848,GSM520849
294	H3K23ac.S2	GSE20777,GSM520850,GSM520850,GSM520851,GSM520852,GSM520853,GSM520854
295	H3K27Ac.BG3	GSE20778,GSM520855,GSM520855,GSM520856,GSM520857,GSM520858
296	H3K27Ac.S2	GSE20779,GSM520859,GSM520859,GSM520860,GSM520861,GSM520862
297	H3K27Me3 (Abcam2).BG3	GSE20780,GSM520863,GSM520863,GSM520864,GSM520865,GSM520866
298	H3K27me3 (Abcam2).S2	GSE20781,GSM520867,GSM520867,GSM520868,GSM520869,GSM520870
299	H3K36me1.BG3	GSE20782,GSM520871,GSM520871,GSM520872,GSM520873,GSM520874
301	H3K36me3.BG3	GSE20783,GSM520875,GSM520875,GSM520876,GSM520877,GSM520878
302	H3K36me3.Kc	GSE20784,GSM520879,GSM520879,GSM520880,GSM520881,GSM520882
303	H3K36me3.S2	GSE20785,GSM520883,GSM520883,GSM520884,GSM520885,GSM520886
304	H3K4me1.S2	GSE20786,GSM520887,GSM520887,GSM520888,GSM520889,GSM520890,GSM520891,GSM520892
305	H3K4Me3(LP).S2	GSE20787,GSM520893,GSM520893,GSM520894,GSM520895,GSM520896,GSM520897,GSM520898
306	H3K79Me2.BG3	GSE20788,GSM520899,GSM520899,GSM520900,GSM520901,GSM520902
307	H3K79Me2.S2	GSE20789,GSM520903,GSM520903,GSM520904,GSM520905,GSM520906
309	H3K9ac.S2	GSE20790,GSM520907,GSM520907,GSM520908,GSM520909,GSM520910
310	H3K9me2-Ab2 (new lot).BG3	GSE20791,GSM520911,GSM520911,GSM520912,GSM520913,GSM520914
311	H3K9me2 antibody2.S2	GSE20792,GSM520915,GSM520915,GSM520916,GSM520917,GSM520918
312	H3K9me3 (new lot).BG3	GSE20793,GSM520919,GSM520919,GSM520920,GSM520921,GSM520922
313	H3K9me3.S2	GSE20794,GSM520923,GSM520923,GSM520924,GSM520925,GSM520926
316	H4K16ac(L).BG3	GSE20795,GSM520927,GSM520927,GSM520928,GSM520929,GSM520930
317	H4K16ac(L).Clone_8	GSE20796,GSM520931,GSM520931,GSM520932,GSM520933,GSM520934
318	H4K16ac(L).Kc	GSE20797,GSM520935,GSM520935,GSM520936,GSM520937,GSM520938
319	H4K16ac(L).S2	GSE20798,GSM520939,GSM520939,GSM520940,GSM520941,GSM520942
320	H4K16ac(M).S2	GSE20799,GSM520943,GSM520943,GSM520944,GSM520945,GSM520946
321	H4K5ac.S2	GSE20800,GSM520947,GSM520947,GSM520948,GSM520949,GSM520950
322	H4K8ac.S2	GSE20801,GSM520951,GSM520951,GSM520952,GSM520953,GSM520954
324	mod2.2-VC.BG3	GSE20802,GSM520955,GSM520955,GSM520956,GSM520957,GSM520958
325	Pc.BG3	GSE20803,GSM520959,GSM520959,GSM520960,GSM520961,GSM520962
326	Pc.S2	GSE20804,GSM520963,GSM520963,GSM520964,GSM520965,GSM520966
327	RNA pol II (ALG).Clone_8	GSE20805,GSM520967,GSM520967,GSM520968,GSM520969,GSM520970
328	RNA pol II (ALG).Kc	GSE20806,GSM520971,GSM520971,GSM520972,GSM520973,GSM520974
329	RNA pol II (ALG).S2	GSE20807,GSM520975,GSM520975,GSM520976,GSM520977,GSM520978
330	SU(HW)-HB.S2	GSE20808,GSM520979,GSM520979,GSM520980,GSM520981,GSM520982
331	Su(Hw)-VC.S2	GSE20809,GSM520983,GSM520983,GSM520984,GSM520985,GSM520986
332	Trx-C.S2	GSE20810,GSM520987,GSM520987,GSM520988,GSM520989,GSM520990
334	DPY-26_N2_Mixed_Embryos_(JL00003_DPY26_N2_MXEMB)	GSE16132,GSM403972,GSM403972,GSM403973,GSM403974
336	MIX-1_N2_Mixed_Embryos_(JL00004_MIX1_N2_MXEMB)	GSE16268,GSM409467,GSM409467,GSM409468,GSM409469
337	Dm_ML-DmBG2-c2_TotalRNA_p200_470-472-474_38bp	GSE16325,GSM409634,GSM409635,GSM409636
338	SDC-2_N2_Mixed_Embryos (JL00005_SDC2_N2_MXEMB)	GSE22701,GSM562597,GSM562598,GSM562599
342	Dm Kc167 Poly-Ap p200 467 C-tailed RNA-Seq Nexalign	GSM451119
343	Dm embryo 16-18h C-tailed RNA-Seq NexAlign	GSM439966
346	Adult_Female_H3K27Me3	GSM442006
358	L3_H3K9me3	GSM442389
359	L3_H3K27Me3	GSM385341
360	Dm Kc167 m200 Tap RiboM C-tailed RNA-Seq NexAlign	GSM451044
362	Dm S2-DRSC m200 Tap RiboM C-tailed RNA-Seq NexAlign	GSM451127
364	Dm Cl.8 m200 Tap RiboM C-tailed RNA-Seq NexAlign	GSM451031
366	Dm BG3-c2 m200 Tap RiboM C-tailed RNA-Seq NexAlign	GSM450972
370	E20_24_H3K27me3 ChIP-chip	GSM384807
371	L2_H3K27me3	GSM384826
372	AdultMale-H3K27me3	GSE25946,GSM637599,GSM637599,GSM637600,GSM637601,GSM637602,GSM637603,GSM637604,GSM637605,GSM637606,GSM637607
373	L1_H3K27Me3	GSM384817
374	L1_H3K9Me3	GSM384750
375	L2_H3K9Me3	GSM384760
376	E-16-20h_H3K27Me3	GSM384797
377	E-20-24h-H3K9Me3	GSM384741
381	Pupae_H3K9Ac	GSM442326
382	Pupae_H3K4me3	GSM442287
383	Pupae_H3K4me1	GSM442233
384	Pupae_H3K27ac	GSM441995
386	L3_H3K9ac	GSM442335
387	L3_H3K4me3	GSM442302
388	L3_H3K4me1	GSM442242
389	L3_H3K27ac	GSM441943
391	L2-H3K9AC	GSM386158
392	L2-H3K4Me3	GSM386125
393	L2_H3K4me1	GSM442251
394	L2_H3K27ac	GSM441933
396	L1-H3K9AC	GSM386148
397	L1-H3K4Me3	GSM386115
398	L1_H3K4me1	GSM442260
399	L1_H3K27ac	GSM441446
401	E4-8_H3K9ac	GSM442353
402	E-4-8h-H3K4Me3	GSM386088
403	E-4-8h-H3K4Me1	GSM386042
404	E-4-8h-H3K27AC	GSM386216
406	E20-24_H3K9ac	GSM442344
407	E-20-24h-H3K4Me3	GSM386106
408	E-20-24h-H3K4Me1	GSM386069
409	E20-24_H3K27ac	GSM441437
410	E16-20_H3K9me3	GSM384732
411	E16-20_H3K9Ac ChIP-chip	GSE25947,GSM637608,GSM637608,GSM637609,GSM637610,GSM637611,GSM637612,GSM637613,GSM637614,GSM637615,GSM637616
412	E-16-20h-H3K4Me3	GSM386097
413	E-16-20h-H3K4Me1	GSM386060
414	E16-20_H3K27ac	GSM441420
415	E12-16_H3K9me3	GSM382158
416	E-12-16h-H3K9AC	GSM386138
417	E-12-16h-H3K4Me3	GSM385397
418	E-12-16h-H3K4Me1	GSM386051
419	E12-16_H3K27ac	GSM441411
420	E0-4_H3K9me3	GSM384690
421	E0-4_H3K9ac	GSM442362
422	E0-4_H3K4me3	GSM386032
423	E-0-4h-H3K4Me1	GSM442224
424	E-0-4h-H3K27Ac ChIP-chip	GSM386179
425	AdMale_H3K9me3	GSM442371
426	AdMale_H3K9ac	GSM442317
427	AdultMale H3K4Me3 ChIP-chip	GSM386996
428	AdultMale-H3K4Me1	GSM442269
429	AdFem_H3K9me3	GSE25948,GSM637617,GSM637617,GSM637618,GSM637619,GSM637620,GSM637621,GSM637622,GSM637623,GSM637624,GSM637625
430	AdultFemale-H3K9AC	GSM386168
431	AdFem_H3K4me3	GSM442293
432	AdFem_H3K4me1	GSM442278
455	embryo panneural tiling array	GSE23245,GSM571416,GSM571416,GSM571417,GSM571418
456	embryo all cells reference tiling array	GSE23246,GSM571419,GSM571419,GSM571420,GSM571421
457	embryo intestine tiling array	GSE23247,GSM571422,GSM571422,GSM571423,GSM571424
458	embryo coelomocytes tiling array	GSE23248,GSM571425,GSM571425,GSM571426,GSM571427
459	embryo AVA neurons tiling array	GSE23249,GSM571428,GSM571428,GSM571429,GSM571430
460	L3-L4 PVD & OLL neurons tiling array	GSE23250,GSM571431,GSM571431,GSM571432,GSM571433
461	L2 reference (mockIP) tiling array	GSE23251,GSM571434,GSM571434,GSM571435,GSM571436
462	L2 panneural tiling array	GSE23252,GSM571437,GSM571437,GSM571438,GSM571439
463	L2 intestine tiling array	GSE23253,GSM571440,GSM571440,GSM571441,GSM571442
464	L2 excretory cell tiling array	GSE23254,GSM571443,GSM571443,GSM571444,GSM571445
465	L2 body wall muscle tiling array	GSE23255,GSM571446,GSM571446,GSM571447,GSM571448
466	L2 GABA neurons tiling array	GSE23256,GSM571449,GSM571449,GSM571450,GSM571451
467	embryo dopaminergic neurons tiling array	GSE23257,GSM571452,GSM571452,GSM571453,GSM571454
468	embryo GABA motor neurons tiling array	GSE23258,GSM571455,GSM571455,GSM571456,GSM571457
469	L2 A-class neuron tiling array	GSE23259,GSM571458,GSM571458,GSM571459,GSM571460
470	embryo body wall muscle tiling array (v2)	GSE23260,GSM571461,GSM571461,GSM571462,GSM571463
472	L2 25dC 14hrs post-L1 N2 tiling array	GSE23261,GSM571464,GSM571464,GSM571465,GSM571466
473	L4 25dC 36hrs post-L1 N2 tiling array	GSE23262,GSM571467,GSM571467,GSM571468,GSM571469
474	L3 25dC 25hrs post-L1 N2 tiling array	GSE23263,GSM571470,GSM571470,GSM571471,GSM571472
475	young adult 25dC 42hrs post-L1 N2 tiling array	GSE23264,GSM571473,GSM571473,GSM571474,GSM571475
476	early embryo 20dC 0-4hrs post-fertilization N2 tiling array	GSE23265,GSM571476,GSM571476,GSM571477,GSM571478
477	L2 polyA enriched 20dC 14hrs post-L1 N2 tiling array	GSE23266,GSM571479,GSM571479,GSM571480
478	male L4 25dC 36hrs post-L1 CB4689 tiling array	GSE23267,GSM571481,GSM571481,GSM571482,GSM571483
479	late embryo 20dC 6-12hrs post-fertilization N2 tiling array	GSE23268,GSM571484,GSM571484,GSM571485,GSM571486
481	gonad from young adult 20dC 42hrs post-L1 N2 tiling array	GSE23269,GSM571487,GSM571487,GSM571488,GSM571489
484	L1 20dC 0hrs post-L1 N2 tiling array	GSE23270,GSM571490,GSM571490,GSM571491,GSM571492
485	soma-only mid-L4 25dC 36hrs post-L1 JK1107 tiling array	GSE23271,GSM571493,GSM571493,GSM571494,GSM571495
486	pathogen Pluminscens 25dC 24hr exposure post-adulthood N2 tiling array	GSE23272,GSM571496,GSM571496,GSM571497,GSM571498
487	pathogen Efaecalis 25dC 24hr exposure post-adulthood N2 tiling array	GSE23273,GSM571499,GSM571499,GSM571500
488	pathogen Smarcescens 25dC 48hr exposure post-adulthood N2 tiling array	GSE23274,GSM571501,GSM571501,GSM571502,GSM571503
489	pathogen Smarcescens 25dC 24hr exposure post-adulthood N2 tiling array	GSE23275,GSM571504,GSM571504,GSM571505,GSM571506
490	pathogen control OP50 25dC 48hr exposure post-adulthood N2 tiling array	GSE23276,GSM571507,GSM571507,GSM571508,GSM571509
491	pathogen control OP50 25dC 24hr exposure post-adulthood N2 tiling array	GSE23277,GSM571510,GSM571510,GSM571511,GSM571512
513	Dm_OregonR_embryo_2-4h_totalRNA_p200_127-128-129_38bp	GSE16326,GSM409637,GSM409638,GSM409639
514	Dm_OregonR_embryo_14-16h_totalRNA_p200_130-131-132_38bp	GSE16327,GSM409640,GSM409641,GSM409642
526	Dm Dcr-2[L811fsX] Ovary smallRNA RNA-Seq	GSM280083
538	Dro2_AS_Dm_L3-12hr_larvae	GSE23220,GSM571096,GSM571096,GSM571097,GSM571098
539	Dro2_AS_L3-larvae-clear	GSE23221,GSM571099,GSM571099,GSM571100,GSM571101
540	Dro2_AS_L3-larvae-light-blue	GSE23222,GSM571102,GSM571102,GSM571103,GSM571104
541	Dro2_AS_Dm_WPP+2days	GSE23223,GSM571105,GSM571105,GSM571106,GSM571107
542	Dm_y[1]cn[1] bw[1] sp[1]_pupa_WhitePrePupaep3day_TotalRNA_p200_350-352-354_38bp	GSE16328,GSM409643,GSM409644,GSM409645
543	Dro2_AS_Dm_WPP+4days	GSE16329,GSM409646,GSM409647,GSM409648
544	Dm_y[1]cn[1] bw[1] sp[1]_prepupa_WhitePrePupap12h_TotalRNA_p200_332-334-336_38bp	GSE23224,GSM571108,GSM571108,GSM571109,GSM571110
545	Dro2_AS_Dm_WPP+24hr	GSE16330,GSM409649,GSM409650,GSM409651
553	SDC-3_N2_MXEMB_1A_(JL00002_SDC3_N2_MXEMB_1_A)	GSE22702,GSM562600
575	SDC-3_N2_MXEMB_1B_(JL00002_SDC3_N2_MXEMB_1_B)	GSE22703,GSM562601
578	DPY-27_N2_MXEMB_1A_(JL00001_DPY27_N2_MXEMB_1_A)	GSE22704,GSM562602
581	AdFem_H3K9ac	GSE25949,GSM637626,GSM637626,GSM637627,GSM637628,GSM637629,GSM637630,GSM637631,GSM637632,GSM637633,GSM637634
582	Snyder_PHA4_GFP_emb	GSM363861
584	Snyder_PHA4_StarvedL1_GFP	GSM363863
586	Snyder_PHA4_POLII_emb	GSM363861
588	Snyder_PHA4_StarvedL1_POLII	GSM363863
589	Snyder_AMA1_GFP_L4YA	GSM389310
590	Snyder_AMA1_POLII_L4YA	GSM389310
591	Snyder_DAF16_GFP_L4YA	GSM389648
592	Snyder_DAF16_POLII_L4YA	GSM389648
593	Snyder_MAB5_GFP_L3	GSM391227
597	E0-12 GROAviva ChIP-chip	GSM400373
599	POL-2_N2_L4_(CVMMS126R_8WG16_N2_L4)	GSE22705,GSM562603,GSM562604,GSM562605,GSM562606,GSM562607
601	Pupae-snr1 ChIP-chip	GSM400394
602	pupae-brm ChIP-chip	GSM400395
603	Embryo 3-8h UBX7701 ChIP-chip	GSM400392
604	Embryo 0-12h ZFH1 ChIP-chip	GSM400372
605	E-0-12h-INV7657	GSM400364
606	E-0-12h-dll	GSM400202
607	E-0-12h-dCtBP7667	GSM400192
608	Embryo 0-12h chinmo ChIP-chip	GSM400173
609	E-0-12h-bks	GSM400172
610	Embryo 7-24h gsbnpurif ChIP-chip	GSM402169
611	Embryo 7-24h end300 ChIP-chip	GSM400393
612	Embryo 3-8h UBX2 ChIP-chip	GSM400391
613	Embryo 3-8h UBX1 ChIP-chip	GSM400390
614	E0-12h-UBX7701	GSM400371
615	E0-12h-TTK	GSM400369
616	E0-12h-Stat92E	GSM400368
617	E0-12h-RUN7659	GSM400367
618	E0-12h-KN	GSM400366
619	Embryo 0-12h INV-GFP ChIP-chip	GSM400365
620	E0-12h-H3K36me3	GSM400361
621	E0-12h-H3K9me3	GSM400363
622	E0-12h-H3K4me3	GSM409075
623	E0-12h-Gro3	GSM400360
624	E0-12h-FTZ-F1	GSM400204
625	E0-12h-ENserum	GSM400203
626	E0-12h-D	GSM399633
627	E0-12h-CNC	GSM399627
628	E0-12h-bab1	GSM399407
630	DPY-27_N2_L4(JL00001_DPY27_N2_L4)	GSE22706,GSM562608,GSM562609,GSM562610,GSM562611
633	Dm Kc167 polyA 002-004 PE RNA-Seq Bowtie	GSM390059
634	small RNA N2 embryos RNA-seq	GSM336052
635	small RNA N2 mid-L1 RNA-seq	GSM336055
636	small RNA N2 mid-L2 RNA-seq	GSM336056
637	small RNA N2 mid-L3 RNA-seq	GSM336058
638	small RNA N2 mid-L4 RNA-seq	GSM336059
639	small RNA N2 young adult RNA-seq	GSM336060
640	small RNA him-8 males RNA-seq	GSM336086
643	E-20-24h-CBP	GSM386279
644	DPY-28_N2_MXEMB_(JL00012_DPY28_N2_MXEMB)	GSE22708,GSM562684,GSM562685
645	SDC-2_N2_MXEMB_(SDQ3146_SDC2_N2_MXEMB)	GSE22709,GSM562686,GSM562687,GSM562688
650	Dm S2-DRSC polyA 014-016 PE RNA-Seq Bowtie	GSM390063
651	Dm ML-DmBG3-c2 polyA 122-124 PE RNA-Seq Bowtie	GSM390065
652	Dm CME_W1_Cl.8+ polyA 060-062 PE RNA-Seq Bowtie	GSM390061
654	embryo A-class motor neurons tiling array	GSE23278,GSM571513,GSM571513,GSM571514,GSM571515
655	L3-L4 dopaminergic neuron tiling array	GSE23279,GSM571516,GSM571516,GSM571517,GSM571518
656	Young Adult reference (mockIP) tiling array	GSE23280,GSM571519,GSM571519,GSM571520,GSM571521
657	L2 coelomocytes tiling array	GSE23281,GSM571522,GSM571522,GSM571523,GSM571524
658	L2 glutamate receptor expressing neurons tiling array	GSE23282,GSM571525,GSM571525,GSM571526,GSM571527
659	L3-L4 reference (mockIP) tiling array	GSE23283,GSM571528,GSM571528,GSM571529,GSM571530
660	Young Adult Cephalic sheath (CEPsh) tiling array	GSE23284,GSM571531,GSM571531,GSM571532,GSM571533
661	embryo germline precursor cells tiling array	GSE23285,GSM571534,GSM571534,GSM571535,GSM571536
662	embryo hypodermal cells tiling array	GSE23286,GSM571537,GSM571537,GSM571538,GSM571539
663	Pol_II_CTD_N2_EEMB_(ABAB817_8WG16_N2_EEMB)	GSE22710,GSM562689,GSM562690,GSM562691
668	Kc167 Replication Timing	GSE17279,GSM432694,GSM432695,GSM432696
669	S2 Replication Timing	GSE17280,GSM432697,GSM432698,GSM432699
670	Bg3 Replication Timing	GSE17281,GSM432701,GSM432702,GSM432703
674	pre-RC complexes ORC Kc	GSE17282,GSM432704,GSM432705,GSM432706,GSM432707,GSM432708,GSM432709,GSM432710,GSM432711
675	pre-RC complexes MCM_cycE Kc	GSE17283,GSM432712,GSM432713,GSM432714,GSM432715,GSM432716,GSM432717,GSM432718,GSM432719
691	Histone_H3K9me3_N2_EEMB_1_(UP07442_H3K9ME3_N2_EEMB)	GSE22711,GSM562692,GSM562693,GSM562694
693	DPY27_11DH(I;X)_MXEMB(JL00001_DPY27_11DH_MXEMB)	GSE22712,GSM562695,GSM562696
695	DPY27_YPT41(II;X)_MXEMB(JL00001_DPY27_YPT41_MXEMB)	GSE22713,GSM562697,GSM562698
696	DPY27_YPT47(V;X)_MXEMB(JL00001_DPY27_YPT47_MXEMB)	GSE22714,GSM562699,GSM562700,GSM562701
701	SDC3_YPT47(V;X)_MXEMB(JL00002_SDC3_YPT47_MXEMB)	GSE22715,GSM562702,GSM562703
709	Kc167 Replication Origins	GSE17285,GSM432725,GSM432726,GSM432727,GSM432728
710	S2 Replication Origins	GSE17286,GSM432729,GSM432730,GSM432731
711	Bg3 Replication Origins	GSE17287,GSM432732,GSM432733,GSM432734
712	Dm Dm adult whole_fly 057 RNASeq Bowtie	GSM339263
713	Dm_ML_BG3-c2_polyApRNA_p200_485-486-487_38bp	GSE23225,GSM571111,GSM571111,GSM571112,GSM571113
715	Dm_S2-DRSC_nuclearRNA_p200_482-483-484_38bp	GSE23226,GSM571114,GSM571114,GSM571115,GSM571116
716	Dm_Bg3-c2_nuclearRNA_p200_488_489_490_38bp	GSE23227,GSM571117,GSM571117,GSM571118,GSM571119
717	Dm_C1.8_polyApRNA_p200_491_492_493_38bp	GSE23228,GSM571120,GSM571120,GSM571121,GSM571122
718	Dm_S2-DRSC_polyApRNA_p200_479-480-481_38bp	GSE23229,GSM571123,GSM571123,GSM571124,GSM571125
725	CGH S2-DRSC	GSE17292,GSM432743,GSM432744
734	Snyder_CEH-14_GFP_L2	GSM435293
737	Dm Canton-S Adult Female Head smallRNA RNA-Seq	GSM240749
738	Kc167 smallRNA RNA-Seq	GSM272653
739	Dm Canton-S Adult Male Body smallRNA RNA-Seq	GSM286602
740	Dm Canton-S Embryo 2-6h smallRNA RNA-Seq	GSM286605
741	S2/Kc167 + Ecdysone exposure smallRNA RNA-Seq	GSM272651
742	Dm Canton-S Imaginal Disk smallRNA RNA-Seq	GSM275691
743	Dm Canton-S Adult Female Body smallRNA RNA-Seq	GSM286603
745	Dm Canton-S Embryo 0-1h smallRNA RNA-Seq (2)	GSM286613
746	S2-DRSC smallRNA RNA-Seq	GSM272652
747	Dm Canton-S Adult Male Head smallRNA RNA-Seq	GSM286601
748	Dm Canton-S 3rd Instar Larvae smallRNA RNA-Seq	GSM322208
749	Dm Canton-S 3rd Instar Larvae smallRNA RNA-Seq (2)	GSM322245
750	Dm Canton-S Adult Female Head smallRNA RNA-Seq (2)	GSM322533
751	Dm Canton-S Adult Male Head smallRNA RNA-Seq (2)	GSM322543
752	Dm Canton-S Embryo 2-6h smallRNA RNA-Seq (2)	GSM286606
753	Dm Canton-S Embryo 6-10h smallRNA RNA-Seq (2)	GSM286611
754	Dm Canton-S Embryo 6-10h smallRNA RNA-Seq	GSM286607
755	Dm Canton-S Embryo 0-1h smallRNA RNA-Seq	GSM286604
757	Dm Canton-S Pupae 2-4d smallRNA RNA-Seq	GSM322219
758	Dm Canton-S Pupae 2-4d smallRNA RNA-Seq (2)	GSM322338
762	Dm Canton-S 1st Instar Larvae smallRNA RNA-Seq	GSM360256
763	Dm_y[1]cn[1] bw[1] sp[1]_embryo_6-8h_TotalRNA_p200_230-232_38bp	GSE23230,GSM571126,GSM571126,GSM571127
764	E4-8_H3K9Me3	GSM384723
765	Pupae_H3K9Me3	GSM442380
767	E12-16_H3K27Me3	GSM384787
768	E4-8_H3K27Me3	GSM384778
769	E0-12_dCTCF C-term ChIP-chip	GSM409069
770	E0-12_dCTCF N-term ChIP-chip	GSM409070
772	Dm Oregon-R Adult Male Testis smallRNA RNA-Seq	GSM280085
773	Dm y[1]; cn[1] bw[1] sp[1] Ovary smallRNA RNA-Seq	GSM280082
774	Dm Loqs[f00791] Ovary smallRNA RNA-Seq	GSM280084
777	E0-4_H3K4Me1_chip-seq	GSM401409
778	E4-8_H3K4Me1_chip-seq	GSM401406
779	E8-12_H3K4Me1_chip-seq	GSM432593
780	E12-16_H3K4Me1_chip-seq	GSM432591
781	E16-20_H3K4Me1_chip-seq	GSM401403
782	E20-24_H3K4Me1_chip-seq	GSM439464
783	L1_H3K4Me1_chip-seq	GSM432588
784	L2_H3K4Me1_chip-seq	GSM401421
785	L3_H3K4Me1_chip-seq	GSM401418
786	Pupae_H3K4Me1_chip-seq	GSM401415
787	AdultFemale_H3K4Me1_chip-seq	GSM439465
788	AdultMale_H3K4Me1_chip-seq	GSM401411
789	E0-4_H3K4Me3_chip-seq	GSM400656
790	E4-8_H3K4Me3_chip-seq	GSM400674
791	E8-12_H3K4Me3_chip-seq	GSM432585
792	E12-16_H3K4Me3_chip-seq	GSM432580
793	E16-20_H3K4Me3_chip-seq	GSM400658
794	E20-24_H3K4Me3_chip-seq	GSM400672
795	L1_H3K4Me3_chip-seq	GSM400662
796	L2_H3K4Me3_chip-seq	GSM400668
797	L3_H3K4Me3_chip-seq	GSM400660
798	Pupae_H3K4Me3_chip-seq	GSM400664
799	AdultFemale_H3K4Me3_chip-seq	GSM400670
800	AdultMale_H3K4Me3_chip-seq	GSM400666
801	E0-4_H3K9Me3_chip-seq	GSM439457
802	E4-8_H3K9Me3_chip-seq	GSM439456
803	E8-12_H3K9Me3_chip-seq	GSM439455
804	E12-16_H3K9Me3_chip-seq	GSM439454
805	E16-20_H3K9Me3_chip-seq	GSM439453
806	E20-24_H3K9Me3_chip-seq	GSM439452
807	L1_H3K9Me3_chip-seq	GSM439451
808	L2_H3K9Me3_chip-seq	GSM439450
809	Pupae_H3K9Me3_chip-seq	GSM439449
810	E0-4_H3K27Me3_chip-seq	GSM439448
811	E4-8_H3K27Me3_chip-seq	GSM439447
812	E8-12_H3K27Me3_chip-seq	GSM439446
813	E12-16_H3K27Me3_chip-seq	GSM439445
814	E16-20_H3K27Me3_chip-seq	GSM439444
815	E20-24_H3K27Me3_chip-seq	GSM439443
816	L1_H3K27Me3_chip-seq	GSM439442
817	L2_H3K27Me3_chip-seq	GSM439441
818	L3_H3K27Me3_chip-seq	GSM439440
819	Pupae_H3K27Me3_chip-seq	GSM439439
820	AdultMale_H3K27Me3_chip-seq	GSM439438
821	E0-4_H3K9Ac_chip-seq	GSM401408
822	E4-8_H3K9Ac_chip-seq	GSM401405
823	E8-12_H3K9Ac_chip-seq	GSM432592
824	E12-16_H3K9Ac_chip-seq	GSM439458
825	E16-20_H3K9Ac_chip-seq	GSM401402
826	E20-24_H3K9Ac_chip-seq	GSM401424
827	L1_H3K9Ac_chip-seq	GSM401422
828	L2_H3K9Ac_chip-seq	GSM401420
829	L3_H3K9Ac_chip-seq	GSM401417
830	Pupae_H3K9Ac_chip-seq	GSM401414
831	AdultFemale_H3K9Ac_chip-seq	GSM439459
832	AdultMale_H3K9Ac_chip-seq	GSM432579
834	E0-4_H3K27Ac_chip-seq	GSM401407
835	E4-8_H3K27Ac_chip-seq	GSM401404
836	E8-12_H3K27Ac_chip-seq	GSM432583
837	E12-16_H3K27Ac_chip-seq	GSM432582
838	E16-20_H3K27Ac_chip-seq	GSM401401
839	E20-24_H3K27Ac_chip-seq	GSM401423
840	L1_H3K27Ac_chip-seq	GSM432581
841	L2_H3K27Ac_chip-seq	GSM401419
842	L3_H3K27Ac_chip-seq	GSM401416
843	Pupae_H3K27Ac_chip-seq	GSM401413
844	AdultFemale_H3K27Ac_chip-seq	GSM401412
845	AdultMale_H3K27Ac_chip-seq	GSM401410
846	E4-8_PolII_chip-seq	GSM432578
847	E8-12_PolII_chip-seq	GSM432594
848	E12-16_PolII_chip-seq	GSM439461
849	E16-20_Pol_II_chip-seq	GSM432584
850	E20-24_PolII_chip-seq	GSM439460
851	L1_PolII_chip-seq	GSM432589
852	L3_PolII_chip-seq	GSM432587
853	Pupae_PolII_chip-seq	GSM432586
854	E0-4_CBP_chip-seq	GSM439463
855	E4-8_CBP_chip-seq	GSM408988
856	E12-16_CBP_chip-seq	GSM408986
857	E16-20_CBP_chip-seq	GSM432584
858	E20-24_CBP_chip-seq	GSM439462
859	L1_CBP_chip-seq	GSM408990
860	L3_CBP_chip-seq	GSM408992
861	Pupae_CBP_chip-seq	GSM408994
862	AdultFemale_CBP_chip-seq	GSM408982
863	AdultMale_CBP_chip-seq	GSM408984
864	E8-12_H3K4Me1 ChIP-chip	GSM418275
865	E8-12_H3K4Me3 ChIP-chip	GSM418254
866	E8-12_H3K9Me3 ChIP-chip	GSM418216
867	E0-4_H3K27Me3 ChIP-chip	GSM384769
868	E8-12_H3K27Me3 ChIP-chip	GSM418239
869	AdultMale_H3K27Me3 ChIP-chip Set2	GSM418225
870	E8-12_H3K9Ac ChIP-chip	GSM442311
871	AdultMale_H3K9Ac ChIP-chip set2	GSM442317
872	E8-12_H3K27Ac ChIP-chip	GSM441405
873	AdultMale_H3K27Ac ChIP-chip	GSM418501
874	AdultMale_H3K27Ac ChIP-chip Set2	GSM441984
875	E0-4_CBP ChIP-chip	GSM442425
876	E4-8_CBP ChIP-chip	GSM386269
877	E16-20_CBP ChIP-chip	GSM418335
878	L1_CBP ChIP-chip	GSM443119
879	L3_CBP ChIP-chip	GSM418454
880	Pupae_CBP ChIP-chip	GSM418463
881	AdultFemale_CBP ChIP-chip	GSM418309
882	AdultMale_CBP ChIP-chip	GSM418318
883	L2_PolII ChIP-chip	GSM442398
884	L3_PolII ChIP-chip	GSM442407
885	E0-4_8wg16 ChIP-chip	GSM418567
886	E4-8 PolII set2 (8wg16) ChIP-chip	GSM442416
887	E4-8_8wg16 ChIP-chip	GSM418580
888	E16-20_8wg16 ChIP-chip	GSM443110
889	L3_8wg16 ChIP-chip	GSM442407
890	Pupae_8wg16 ChIP-chip	GSM418514
891	AdultFemale_8wg16 ChIP-chip	GSM418549
895	L2_H3K27Ac (s2) ChIP-seq	GSM401419
896	3'UTR 454 sequencing pilot - Level 1	GSM443959
897	MRG-1_N2_EEMB_(SDQ0790_MRG1_N2_EEMB)	GSE22716,GSM562704,GSM562705,GSM562706
898	E0-8_Kr-D2 ChIP-chip	GSM621326
899	E0-12_PolII	GSM409077
901	E0-12_Su(Hw)PG	GSM409073
902	E0-4_GFP_7T ChIP-chip	GSM621340
903	E8-12_CBP_Set2	GSE25950,GSM637635,GSM637635,GSM637636,GSM637637,GSM637638,GSM637639,GSM637640,GSM637641,GSM637642,GSM637643
905	E12-16_CBP ChIP-chip	GSE25951,GSM637644,GSM637644,GSM637645,GSM637646
906	E12-16_Pol_II ChIP-chip	GSE25952,GSM637647,GSM637647,GSM637648,GSM637649,GSM637650,GSM637651,GSM637652,GSM637653,GSM637654,GSM637655
908	Kc167_CTCF-N ChIP-chip	GSM409079
909	Histone_H3K36me2_N2_EEMB_(HK00012_H3K36ME22C3_N2_EEMB)	GSE22717,GSM562707,GSM562708
911	MES-4_N2_EEMB_(SDQ0791_MES4_N2_EEMB)	GSE22718,GSM562709,GSM562710,GSM562711
912	H3K4me3_Kc167 ChIP-chip	GSM409458
913	CTCF-N_S2 ChIP-chip	GSM409078
914	H3K4me3_S2 ChIP-chip	GSM409457
918	TotalRNA_E0-12h	GSM409080
919	E0-12_H3K27me3 ChIP-chip	GSM409076
921	BEAF-70.BG3	GSE20811,GSM520991,GSM520991,GSM520992,GSM520993,GSM520994
922	BEAF-70.S2	GSE20812,GSM520995,GSM520995,GSM520996,GSM520997,GSM520998
923	BRE1_Q2539.S2	GSE20813,GSM520999,GSM520999,GSM521000,GSM521001,GSM521002
924	CP190-HB.BG3	GSE20814,GSM521003,GSM521003,GSM521004,GSM521005,GSM521006
925	CP190-HB.S2	GSE20815,GSM521007,GSM521007,GSM521008,GSM521009,GSM521010
926	dMi-2_Q2626.S2	GSE20816,GSM521011,GSM521011,GSM521012,GSM521013,GSM521014
927	dRING Q3200.BG3	GSE20817,GSM521015,GSM521015,GSM521016,GSM521017,GSM521018
928	dRING Q3200.S2	GSE20818,GSM521019,GSM521019,GSM521020,GSM521021,GSM521022
930	H3K18Ac (new lot).Clone_8	GSE20819,GSM521023,GSM521023,GSM521024,GSM521025,GSM521026
931	H3K36me3.14-16 hr OR embryo	GSE23457,GSM575364,GSM575364,GSM575365,GSM575366,GSM575367
932	H3K36me3.2-4 hr OR embryo	GSE23458,GSM575368,GSM575368,GSM575369,GSM575370,GSM575371
936	H3K9me2-Ab2 (new lot).2-4 hr OR embryo	GSE25359,GSM624620,GSM624620,GSM624621,GSM624622,GSM624623
937	H3K9me2-Ab2 (new lot).Clone_8	GSE20820,GSM521027,GSM521027,GSM521028,GSM521029,GSM521030
938	H3K9me2-Ab2 (new lot).Kc	GSE20821,GSM521031,GSM521031,GSM521032,GSM521033,GSM521034
940	H3K9me3 (new lot).Clone_8	GSE20822,GSM521035,GSM521035,GSM521036,GSM521037,GSM521038
941	HP1b (Henikoff).S2	GSE20823,GSM521039,GSM521039,GSM521040,GSM521041,GSM521042
942	HP1c (MO 462).BG3	GSE20824,GSM521043,GSM521043,GSM521044,GSM521045,GSM521046
943	HP1c (MO 462).S2	GSE20825,GSM521047,GSM521047,GSM521048,GSM521049,GSM521050
944	HP2 (Ab2-90).S2	GSE20826,GSM521051,GSM521051,GSM521052,GSM521053,GSM521054
945	JIL1_Q3433.S2	GSE20827,GSM521055,GSM521055,GSM521056,GSM521057,GSM521058
946	MBD-R2_Q2567.S2	GSE20828,GSM521059,GSM521059,GSM521060,GSM521061,GSM521062
947	NURF301_Q2602.S2	GSE20829,GSM521063,GSM521063,GSM521064,GSM521065,GSM521066
948	PCL Q3412.BG3	GSE20830,GSM521067,GSM521067,GSM521068,GSM521069,GSM521070
949	PIWI-Q2569.Kc	GSE20831,GSM521071,GSM521071,GSM521072,GSM521073,GSM521074,GSM521075
950	RNA pol II (ALG).BG3	GSE20832,GSM521076,GSM521076,GSM521077,GSM521078,GSM521079
951	SU(HW)-HB.BG3	GSE20833,GSM521080,GSM521080,GSM521081,GSM521082,GSM521083
952	Su(var)3-9.BG3	GSE20834,GSM521084,GSM521084,GSM521085,GSM521086,GSM521087
953	WDS_Q2691.S2	GSE20835,GSM521088,GSM521088,GSM521089,GSM521090,GSM521091
954	H3K4me2.OR Head Nuclei	GSE23459,GSM575372,GSM575372,GSM575373,GSM575374,GSM575375
955	HP1 wa191.D.mel 3rd Instar Larvae Nuclei	GSE23460,GSM575376,GSM575376,GSM575377,GSM575378,GSM575379
956	H3K9me2 antibody2.D.mel 3rd Instar Larvae Nuclei	GSE25360,GSM624624,GSM624624,GSM624625,GSM624626,GSM624627
957	HP1 wa191.OR Head Nuclei	GSE23461,GSM575380,GSM575380,GSM575381,GSM575382,GSM575383
958	H3K9me3 (new lot).D.mel 3rd Instar Larvae Nuclei	GSE23462,GSM575384,GSM575384,GSM575385,GSM575386,GSM575387
963	H3K79Me.S2	GSE20836,GSM521092,GSM521092,GSM521093,GSM521094,GSM521095
964	H3K9ac.Clone_8	GSE20837,GSM521096,GSM521096,GSM521097,GSM521098,GSM521099
965	H3K4me2.ab.S2	GSE20838,GSM521100,GSM521100,GSM521101,GSM521102,GSM521103
966	H3K4Me3(LP).2-4 hr OR embryo	GSE23463,GSM575388,GSM575388,GSM575389,GSM575390
967	H3K4me3.BG3	GSE20839,GSM521104,GSM521104,GSM521105,GSM521106,GSM521107
970	E0-4_H3K27Ac - Set 2	GSE25953,GSM637656,GSM637656,GSM637657,GSM637658,GSM637659,GSM637660,GSM637661,GSM637662,GSM637663,GSM637664
971	E0-4_H3K9Me3 - Set 2	GSE25954,GSM637665,GSM637665,GSM637666,GSM637667,GSM637668,GSM637669,GSM637670,GSM637671,GSM637672,GSM637673
973	Histone_H3K36me3_N2_EEMB_(HK00001_H3K36ME313C9_N2_EEMB)	GSE22719,GSM562712,GSM562713,GSM562714
978	E4-8_sens	GSM621342
979	E4-8_GFP-sens	GSM621343
982	Histone_H3K9me3_N2_EEMB_2_(HK00009_H3K9ME32F3_N2_EEMB)	GSE22720,GSM562715,GSM562716
983	RNAi Untreated (control) S2-DRSC RNA-Seq Bowtie	GSM461176
984	L2_PolII ChIP-seq	GSM432589
985	E8-12_CBP_Set2-chip-seq	GSM451802
992	3' UTR 454 sequencing pilot - alignments	GSM443959
1011	RNAi CG10128 S2-DRSC RNA-Seq Bowtie	GSM461201
1012	RNAi CG10203 S2-DRSC RNA-Seq Bowtie	GSM461195
1013	RNAi CG10851 S2-DRSC RNA-Seq Bowtie	GSM461198
1014	RNAi CG12749 S2-DRSC RNA-Seq Bowtie	GSM461187
1015	RNAi CG13425 S2-DRSC RNA-Seq Bowtie	GSM461190
1016	RNAi CG1559 S2-DRSC RNA-Seq Bowtie	GSM461204
1017	RNAi CG16901 S2-DRSC RNA-Seq Bowtie	GSM461189
1018	RNAi CG17136 S2-DRSC RNA-Seq Bowtie	GSM461196
1019	RNAi CG17838 S2-DRSC RNA-Seq Bowtie	GSM461188
1020	RNAi CG18426 S2-DRSC RNA-Seq Bowtie	GSM461199
1021	RNAi CG1987 S2-DRSC RNA-Seq Bowtie	GSM461194
1022	RNAi CG30122 S2-DRSC RNA-Seq Bowtie	GSM461191
1023	RNAi CG31000 S2-DRSC RNA-Seq Bowtie	GSM461202
1024	RNAi CG3249 S2-DRSC RNA-Seq Bowtie	GSM461207
1025	RNAi CG4602 S2-DRSC RNA-Seq Bowtie	GSM461192
1026	RNAi CG5099 S2-DRSC RNA-Seq Bowtie	GSM461185
1027	RNAi CG5442 S2-DRSC RNA-Seq Bowtie	GSM461197
1028	RNAi CG5655 S2-DRSC RNA-Seq Bowtie	GSM461193
1029	RNAi CG5821 S2-DRSC RNA-Seq Bowtie	GSM461205
1030	RNAi CG5836 S2-DRSC RNA-Seq Bowtie	GSM461206
1031	RNAi CG6946 S2-DRSC RNA-Seq Bowtie	GSM461183
1032	RNAi CG7437 S2-DRSC RNA-Seq Bowtie	GSM461203
1033	RNAi CG7878 S2-DRSC RNA-Seq Bowtie	GSM461209
1034	RNAi CG7971 S2-DRSC RNA-Seq Bowtie	GSM461200
2002	Lai_MLDmD20c5/BS16	GSE24298,GSM609217
2003	Lai_Sg4/BS35	GSE24299,GSM609218
2004	Lai_GM2cell/BS32	GSE24300,GSM609219
2005	Lai_ML-DmD21cell/BS90	GSE24301,GSM609220
2006	Lai_1182-4Hcell/BS23	GSE24302,GSM609221
2007	Lai_ML-DmBG1c1/BS176	GSE24303,GSM609222
2008	Lai_one day adult male-ENCODE/BS149	GSE24304,GSM609223
2009	Lai_one day adult female-ENCODE/BS152	GSE24305,GSM609224
2010	E0-4_TotalRNA_RNAseq	GSM451806
2019	E4-8_TotalRNA_RNAseq	GSM451809
2020	E8-12_TotalRNA_RNAseq	GSM451808
2021	E12-16_TotalRNA_RNAseq	GSM451803
2022	E16-20_TotalRNA_RNAseq	GSM451807
2023	E20-24_TotalRNA_RNAseq	GSM451810
2024	L1_TotalRNA_RNAseq	GSM451811
2025	L2_TotalRNA_RNAseq	GSM453867
2026	AdultFemale_TotalRNA_RNAseq	GSM451805
2027	AdultMale_TotalRNA_RNAseq	GSM451804
2029	L3_TotalRNA_RNAseq	GSM451812
2030	Pupae_TotalRNA_RNAseq	GSM451813
2301	RNAi CG9983 S2-DRSC RNA-Seq Bowtie	GSM461186
2302	RNAi CG9373 S2-DRSC RNA-Seq Bowtie	GSM461184
2305	RNAi Untreated-B (control) S2-DRSC RNA-Seq Bowtie	GSM461182
2312	Histone_H3_N2_EEMB_1_(AR0144_H3144_N2_EEMB)	GSE22722,GSM562719,GSM562720,GSM562721
2313	Histone_H3_N2_EEMB_2_(AB1791_H3609253_N2_EEMB)	GSE22723,GSM562722,GSM562723
2321	RNAseq - early embryo sequences & alignments	SRX004863,SRX004864
2324	RNAseq - late embryo 20dC 4.5hrs post-early embryo sequences & alignments	SRX004865,SRX004866
2325	RNAseq - male mid-L4 dpy28(y1);him-8(e1489) 25dC 30hrs post-L1 sequences & alignments	SRX004868
2326	RNAseq - mid-L1 20dC 4hrs post-L1 sequences & alignments	SRX004867
2327	3' UTR Staged 454 Sequencing - L1 - alignments	GSM446652
2328	3' UTR Staged 454 Sequencing - L2 - alignments	GSM446653
2329	3' UTR Staged 454 Sequencing - L3 - alignments	GSM446654
2330	3' UTR Staged 454 Sequencing - L4 - alignments	GSM446655
2331	3' UTR Staged 454 Sequencing - embryo - alignments	GSM446651
2332	3' UTR Staged 454 Sequencing - hermaphrodite adult - alignments	GSM446656
2333	3' UTR Staged 454 Sequencing - male adult - alignments	GSM446657
2334	3' UTR Staged 454 Sequencing - daf-11 - alignments	GSM446661
2335	3' UTR Staged 454 Sequencing - daf-2 - alignments	GSM446658
2336	3' UTR Staged 454 Sequencing - daf-7 - alignments	GSM446659
2337	3' UTR Staged 454 Sequencing - daf-9 - alignments	GSM446660
2338	Histone_H3K36me2_N2_EEMB_(AB9049_H3K36ME2608457_N2_EEMB)	GSE22724,GSM562724
2339	Histone_H3K9me3_N2_EEMB_2_(AB8898_H3K9ME3339901_N2_EEMB)	GSE22725,GSM562725
2340	Dm_4dFMatedOvary_TotalRNA_531_532_38bp	GSE23231,GSM571128,GSM571128,GSM571129
2341	Dm_1dFVirginHead_TotalRNA_497_498_38bp	GSE23232,GSM571130,GSM571130,GSM571131
2342	Dm_4dFVirginHead_TotalRNA_515_516_38bp	GSE23233,GSM571132,GSM571132,GSM571133
2343	RNAseq - lin-35(n745) mid-L1 25dC 4.0hrs post-L1 sequences & alignments	SRX004869
2345	RNAseq - Adult spe-9 23dC 8days post-L4 molt sequences & alignment	SRX008136
2346	RNAseq - embryo him-8 20dC post-L1 sequences & alignments	SRX011569
2347	RNAseq - dauer daf-2 25dC 91hrs post-L1 sequences & alignments	SRX008138
2349	RNAseq - dauer exit daf-2 25dC 91hrs 15dC 12hrs post-L1 sequences & alignments	SRX008140
2351	RNAseq - mid-L2 25dC 14 hrs post-L1 sequences & alignments	SRX001872
2352	RNAseq - mid-L3 25dC 25hrs post-L1 sequences & alignments	SRX001875
2353	RNAseq - mid-L4 25dC 36hrs post-L1 sequences & alignments	SRX001874
2354	RNAseq - Young Adult 25dC 46hrs post-L1 sequences & alignment	SRX001873
2364	Negative_control_No_Antibody_N2_EEMB_(NA_N2_EEMB)	GSE22726,GSM562726,GSM562727
2374	Lai_GSM399110_Kc	GSM399110
2375	Lai_GSM371638_S2-NP	GSM371638
2376	Lai_GSM399105_imaginal-disc	GSM399105
2379	Lai_GSM280087_S2cells_Ago2IP	GSM280087
2380	Lai_GSM280088_S2cells_Ago1IP	GSM280088
2381	Lai_GSM280086_adult_ovaries_AGO2IP	GSM280086
2382	Negative_control_Antibody_N2_EEMB_(SS00050_IGG_N2_EEMB)	GSE22727,GSM562728,GSM562729
2384	CGH Follicle OregonR-mod	GSM432739
2385	CGH Follicle Cells Orr-Weaver	GSM432742
2387	RNAseq - dauer entry daf-2 25dC 48hrs post-L1 sequences & alignments	SRX008139
2398	Histone_H3K9me3_N2_L3_(HK00009_H3K9ME32F3_N2_L3)	GSE22728,GSM562730,GSM562731
2399	Histone_H3K36me2_N2_L3_(HK00012_H3K36ME22C3_N2_L3)	GSE22729,GSM562732,GSM562733
2400	Histone_H3K27me3_N2_L3_(HK00013_H3K27ME31E7_N2_L3)	GSE22730,GSM562734,GSM562735
2401	Histone_H3K36me3_N2_L3_(HK00001_H3K36ME313C9_N2_L3)	GSE22731,GSM562736,GSM562737
2402	Histone_H3K4me2_N2_L3_(WA30834809_H3K4ME2_N2_L3)	GSE22732,GSM562738,GSM562739
2406	Histone_H3K9me2_N2_L3_(HK00008_H3K9ME26D11_N2_L3)	GSE22733,GSM562740,GSM562741
2407	Histone_H3_N2_L3_2_(AR0144_H3144_N2_L3)	GSE22734,GSM562742,GSM562743
2408	Histone_H3_N2_L3_1_(AR0144_H3144_N2_L3_LM)	GSE22735,GSM562744,GSM562745,GSM562746
2409	Histone_H3_N2_L3_(AB1791_H3_N2_L3_new)	GSE22736,GSM562747,GSM562748
2410	Histone_H3K79me1_N2_EEMB_(AB2886_H3K79ME1361912_N2_EEMB)	GSE22737,GSM562749,GSM562750
2416	Snyder_DPY27_GFP_emb	GSM388727
2418	Snyder_HLH-8_GFP_L3	GSM435317
2442	Histone_H3K79me2_N2_EEMB_(AB3594_H3K79ME2346021_N2_EEMB)	GSE22738,GSM562751,GSM562752
2443	Histone_H3K79me3_N2_EEMB_(AB2621_H3K79ME3361576_N2_EEMB)	GSE22739,GSM562753,GSM562754
2444	Histone_H3K9me2_N2_EEMB_(HK00008_H3K9ME26D11_N2_EEMB)	GSE22740,GSM562755,GSM562756
2446	HCP-3_CENP-A_N2_MXEMB_(OD00079_HCP3_N2_MXEMB)	GSE22742,GSM562759,GSM562760,GSM562761,GSM562762,GSM562763,GSM562764,GSM562765,GSM562766,GSM562767,GSM562768
2454	L3-L4 hypodermal cells tiling array	GSE23287,GSM571540,GSM571540,GSM571541,GSM571542
2455	3' UTR Staged 454 Sequencing - L1 - sequences	GSM446652
2456	3' UTR Staged 454 Sequencing - L2 - sequences	GSM446653
2457	3' UTR Staged 454 Sequencing - L3 - sequences	GSM446654
2458	3' UTR Staged 454 Sequencing - L4 - sequences	GSM446655
2459	3' UTR Staged 454 Sequencing - male adult - sequences	GSM446657
2460	3' UTR Staged 454 Sequencing - hermaphrodite adult - sequences	GSM446656
2461	3' UTR Staged 454 Sequencing - daf-2 - sequences	GSM446658
2462	3' UTR Staged 454 Sequencing - daf-7 - sequences	GSM446659
2463	3' UTR Staged 454 Sequencing - daf-9 - sequences	GSM446660
2464	3' UTR Staged 454 Sequencing - daf-11 - sequences	GSM446661
2465	3' UTR Staged 454 Sequencing - embryo - sequences	GSM446651
2482	3' UTRome 454 sequencing & alignment	GSM469976
2483	smallRNA from mixed-stage embryos (GSM427346)	GSM427346
2484	3' UTRome Solexa sequencing & alignment	GSM469439
2485	smallRNAs from two-to-four cell C. elegans embryos (GSM427297)	GSM427297
2486	smallRNAs from one cell stage C. elegans embryos (GSM427301)	GSM427301
2487	smallRNAs from post-gastrulation C. elegans embryos (GSM427332)	GSM427332
2488	smallRNAs from older,fixed C. elegans embryos (GSM427344)	GSM427344
2489	small RNAs from living one cell C. elegans embryos (GSM427345)	GSM427345
2499	embryo_BAG_neurons_tiling_array	GSE23769,GSM586712,GSM586713,GSM586714
2500	embryo_PVC_neurons_tiling_array	GSE25349,GSM624415,GSM624415,GSM624416,GSM624417
2502	600_mM_Salt_Extracted_Chromatin_Pellet	GSM333864
2503	150_mM_Salt_Extracted_Chromatin	GSM333836
2504	H2Av_EDTA	GSM333849
2505	H2A_EDTA	GSM333848
2506	Nucleosome_Density_S2	GSM333835
2507	Fly_embryos_1-3_hr_150_mM_Salt_Extracted_Chromatin	GSE25375,GSM624859,GSM624859,GSM624860,GSM624861
2508	Fly_embryos_1-3_hr_600_mM_Salt_Extracted_Chromatin	GSE25376,GSM624862,GSM624862,GSM624863
2509	Fly_embryos_1-3_hr_600_mM_Salt_Extracted_Chromatin_Pellet	GSE25377,GSM624864,GSM624864,GSM624865
2510	Fly_embryos_4-6_hr_150_mM_Salt_Extracted_Chromatin	GSE25378,GSM624866,GSM624866,GSM624867
2511	Fly_embryos_4-6_hr_600_mM_Salt_Extracted_Chromatin	GSE25379,GSM624868,GSM624868,GSM624869
2512	Fly_embryos_4-6_hr_600_mM_Salt_Extracted_Chromatin_Pellet	GSE25380,GSM624870,GSM624870,GSM624871,GSM624872
2513	Fly_wing_disc_80_mM_Salt_Extracted_Chromatin	GSE25381,GSM624873,GSM624873,GSM624874
2514	Fly_wing_disc_150_mM_Salt_Extracted_Chromatin	GSE25382,GSM624875,GSM624875,GSM624876
2515	Fly_wing_disc_600_mM_Salt_Extracted_Chromatin	GSE25383,GSM624877,GSM624877,GSM624878
2516	Fly_wing_disc_600_mM_Salt_Extracted_Chromatin_Pellet	GSE25384,GSM624879,GSM624879,GSM624880
2517	80_mM_Salt_Extracted_Chromatin_S2	GSM387595
2518	80_mM_Salt_Extracted_Chromatin_H2A	GSM333846
2519	80_mM_Salt_Extracted_Chromatin_H2Av	GSM333851
2520	80_mM_Salt_Extracted_Chromatin_H3.3	GSM333850
2521	80-150_mM_Salt_Extracted_Chromatin_H2Av	GSM333859
2522	80-150_mM_Salt_Extracted_Chromatin_S2	GSM387593
2523	80-600_mM_Salt_Extracted_Chromatin_H3.3	GSM333852
2524	80-600_mM_Salt_Extracted_Chromatin_H2Av	GSM333856
2525	150-600_mM_Salt_Extracted_Chromatin_H2Av	GSM333832
2526	150-600_mM_Salt_Extracted_Chromatin_H3.3	GSM333834
2527	150-600_mM_Salt_Extracted_Chromatin_S2	GSM387594
2528	Mononucleosomes_H3.3	GSM333837
2529	Mononucleosomes_H2Av	GSM333841
2531	80_mM_Embryonic_Salt_Extracted_Chromatin	GSM468561
2532	600_mM_Embryonic_Salt_Extracted_Chromatin	GSM468562
2533	600_mM_Embryonic_Salt_Extracted_Chromatin_Pellet	GSM468571
2534	H3.3_80_mM_Salt_Extracted_Chromatin	GSM468564
2535	H3.3_350_mM_Salt_Extracted_Chromatin	GSM468560
2536	H3.3_600_mM_Salt_Extracted_Chromatin	GSM468563
2537	Embryonic_Mononucleosomes	GSM468574
2538	Adult_Mononucleosomes	GSM468565
2541	HCP-3_CENP-A_N2_EEMB_(OD00079_HCP3_N2_EEMB)	GSE22743,GSM562769,GSM562770,GSM562771
2543	Lai_GSM360260_0_1day_pupae	GSM360260
2544	CGH Salivary Y cn bw sp	GSM432735
2545	CGH Salivary OregonR-Orr-Weaver	GSM432737
2546	Lai_GSM360257_1st_instar_larvae	GSM360257
2548	embryo_pharyngeal_muscle_tiling_array	GSE23770,GSM586715,GSM586716,GSM586717
2549	CAGE sequencing of mixed embryo 5' ends	SRX015329
2551	S2 Copy Number Variation	GSE19956,GSM498668,GSM498669
2552	KC Copy Number Variation	GSE19957,GSM498670,GSM498671
2553	BG3 Copy Number Variation	GSE19958,GSM498672,GSM498673
2554	Lai_GSM399107_male-body	GSM399107
2555	Lai_GSM399106_female-body	GSM399106
2556	Lai_GSM360262_0-2day_pupae	GSM360262
2558	E0-12h_HDAC11-494	GSE25955,GSM637674,GSM637674,GSM637675,GSM637676,GSM637677,GSM637678,GSM637679
2559	E0-12h_HDAC1-500	GSE25956,GSM637680,GSM637680,GSM637681,GSM637682,GSM637683,GSM637684,GSM637685
2560	E0-12h_HDAC1-501	GSE25957,GSM637686,GSM637686,GSM637687,GSM637688,GSM637689,GSM637690,GSM637691
2561	E0-12h_HDAC3-498	GSE25958,GSM637692,GSM637692,GSM637693,GSM637694,GSM637695,GSM637696,GSM637697
2562	E0-12h_HDAC3-499	GSE25959,GSM637698,GSM637698,GSM637699,GSM637700,GSM637701,GSM637702,GSM637703
2563	E0-12h_HDAC4a-492	GSE25960,GSM637704,GSM637704,GSM637705,GSM637706,GSM637707,GSM637708,GSM637709
2564	E0-12h_HDAC4a-493	GSE25961,GSM637710,GSM637710,GSM637711,GSM637712,GSM637713,GSM637714,GSM637715
2565	E0-12h_HDAC6-496	GSE25962,GSM637716,GSM637716,GSM637717,GSM637718,GSM637719,GSM637720,GSM637721
2566	E0-12h_HDAC6-497	GSE25963,GSM637722,GSM637722,GSM637723,GSM637724,GSM637725,GSM637726,GSM637727
2567	E0-12h_HDAC11-495	GSE25964,GSM637728,GSM637728,GSM637729,GSM637730,GSM637731,GSM637732,GSM637733
2568	Kc167_Trl	GSM621327
2569	E-0-4h_bks	GSM621328
2570	E0-4h_cad	GSM621329
2571	E0-8_D	GSM621330
2572	E0-8h_disco	GSM621331
2573	E0-8h_GATAe	GSM621332
2574	E0-8h_h	GSM621333
2575	E0-8h_hkb	GSM621334
2576	E0-8h_jumu	GSM621335
2577	E4-8h_sens	GSM621336
2580	RNA-Seq - pathogen Harposporium 25dC 24hr exposure post-adulthood N2 sequences & alignments	SRX014006
2581	RNA-Seq - pathogen Harposporium control OP50 25dC 24hr exposure post-adulthood N2 sequences & alignments	SRX014007
2582	RNA-seq - pathogen Smacescens 25dC 24hr exposure post-adulthood N2 sequences & alignment	SRX014008
2583	RNA-seq - soma-only mid-L4 25dC 36hrs post-L1 JK1107 sequences & alignments	SRX014010
2584	RNA-Seq - pathogen Smacescens control OP50 25dC 24hr exposure post-adulthood N2 sequences & alignments	SRX014009
2586	Cell Line RNA-seq S2_DRSC multimapped reads	SRX003840,SRX003841
2587	RNA-Seq - pathogen Harposporium 25dC 24hr exposure post-adulthood N2 genelets	SRX014006
2588	RNA-Seq - pathogen Harposporium control OP50 25dC 24hr exposure post-adulthood N2 genelets	SRX014007
2589	RNA-seq - pathogen Smacescens 25dC 24hr exposure post-adulthood N2 genelets	SRX014008
2590	RNA-seq - soma-only mid-L4 25dC 36hrs post-L1 JK1107 genelets	SRX014010
2591	RNA-Seq - pathogen Smacescens control OP50 25dC 24hr exposure post-adulthood N2 genelets	SRX014009
2592	Cell Line RNA-seq CME_W1_CI.8+ multimapped reads	SRX003834,SRX003835
2593	Cell Line RNA-seq Kc167 multimapped reads	SRX003836,SRX003837
2594	Cell Line RNA-seq ML-DmBG3-c2 multimapped reads	SRX003838,SRX003839
2604	Histone_H3K36me1_N2_EEMB_(AB9048_H3K36ME1206009_N2_EEMB)	GSE22744,GSM562772,GSM562773
2605	Lai_OvarySomaticSheet_smallRNA_4replicates	GSM385744
2606	Lai_Kc167_2rep	GSM399100
2608	Lai_S2R+_2rep	GSM343832
2625	A-Female_7T_ChIP-seq	GSM499631
2626	E0-4h_7T_ChIP-seq	GSM499644
2627	E0-12_HDAC-492_ChIP-seq	GSM499633
2628	E0-12_HDAC-493_ChIP-seq	GSM499635
2629	E0-12_HDAC-494_ChIP-seq	GSM499636
2630	E0-12_HDAC-495_ChIP-seq	GSM499637
2631	E0-12_HDAC-496_ChIP-seq	GSM499638
2632	E0-12_HDAC-497_ChIP-seq	GSM499639
2633	E0-12_HDAC-498_ChIP-seq	GSM499640
2634	E0-12_HDAC-499_ChIP-seq	GSM499641
2635	E0-12_HDAC-500_ChIP-seq	GSM499642
2636	E0-12_HDAC-501_ChIP-seq	GSM499643
2637	E4-8h_7T_ChIP-seq	GSM499647
2638	S2_CTCF200_ChIP-seq	GSM499649
2639	S2_CTCF500_ChIP-seq	GSM499651
2640	W3L_EcRGFP_ChIP_seq	GSM499661
2641	WPP_EcR_GFP_ChIP-seq	GSM499657
2642	WPP30-33_EcR_GFP_ChIP-seq	GSM499653
2646	Histone_H3K9me1_N2_EEMB_(AB9045_H3K9ME1291918_N2_EEMB)	GSE22746,GSM562775,GSM562776
2648	Chro(Chriz)BR.14-16_hr_OR_embryo	GSE23464,GSM575391,GSM575391,GSM575392,GSM575393,GSM575394,GSM575395,GSM575396,GSM575397,GSM575398
2650	Ez.BG3	GSE23465,GSM575399,GSM575399,GSM575400,GSM575401,GSM575402
2651	GAF.BG3	GSE23466,GSM575403,GSM575403,GSM575404,GSM575405,GSM575406
2652	H3K18Ac_(new_lot).2-4_hr_OR_embryo	GSE23467,GSM575407,GSM575407,GSM575408,GSM575409,GSM575410
2653	H3K4me1.BG3	GSE23468,GSM575411,GSM575411,GSM575412,GSM575413,GSM575414
2654	H3K4me2-Millipore.BG3	GSE23469,GSM575415,GSM575415,GSM575416,GSM575417,GSM575418
2655	H3K4me2-Millipore.S2	GSE23470,GSM575419,GSM575419,GSM575420,GSM575421,GSM575422
2656	H3K4me2.14-16_hr_OR_embryo	GSE23471,GSM575423,GSM575423,GSM575424,GSM575425,GSM575426
2657	H3K4me2.D.mel_3rd_Instar_Larvae_Nuclei	GSE23472,GSM575427,GSM575427,GSM575428,GSM575429,GSM575430,GSM575431,GSM575432
2658	H3K79me1.S2	GSE23473,GSM575433,GSM575433,GSM575434,GSM575435,GSM575436
2659	H3K9acS10P_(new_lot).BG3	GSE23474,GSM575437,GSM575437,GSM575438,GSM575439,GSM575440,GSM575441
2660	H3K9acS10P_(new_lot).S2	GSE23475,GSM575442,GSM575442,GSM575443,GSM575444,GSM575445,GSM575446,GSM575447
2661	H3K9me2-Ab2_(new_lot).14-16_hr_OR_embryo	GSE23476,GSM575448,GSM575448,GSM575449,GSM575450,GSM575451,GSM575452,GSM575453
2662	H3K9me2-Ab2_(new_lot).2-4_hr_OR_embryo	GSE23477,GSM575454,GSM575454,GSM575455,GSM575456,GSM575457,GSM575458,GSM575459,GSM575460,GSM575461
2663	H3K9me3_(new_lot).14-16_hr_OR_embryo	GSE23478,GSM575462,GSM575462,GSM575463,GSM575464,GSM575465,GSM575466,GSM575467,GSM575468
2664	H3K9me3_(new_lot).OR_Head_Nuclei	GSE23479,GSM575469,GSM575469,GSM575470,GSM575471,GSM575472
2665	HP1_wa191.2-4_hr_OR_embryo	GSE23480,GSM575473,GSM575473,GSM575474,GSM575475,GSM575476
2666	HP1_wa191.BG3	GSE23481,GSM575477,GSM575477,GSM575478,GSM575479,GSM575480,GSM575481,GSM575482
2667	HP1_wa191.Clone_8	GSE23482,GSM575483,GSM575483,GSM575484,GSM575485,GSM575486,GSM575487
2668	HP1a_wa184.S2	GSE23483,GSM575488,GSM575488,GSM575489,GSM575490,GSM575491
2669	HP1c_(MO 462).Clone_8	GSE23484,GSM575492,GSM575492,GSM575493,GSM575494,GSM575495
2670	HP1c_(MO_462).Kc	GSE23485,GSM575496,GSM575496,GSM575497,GSM575498,GSM575499
2671	Su(var)3-7-Q3448.BG3	GSE23486,GSM575500,GSM575500,GSM575501,GSM575502,GSM575503
2672	Su(var)3-7-Q3448.S2	GSE23487,GSM575504,GSM575504,GSM575505,GSM575506,GSM575507
2673	Su(var)3-9.S2	GSE23488,GSM575508,GSM575508,GSM575509,GSM575510,GSM575511,GSM575512,GSM575513
2674	mod2.2-VC.S2	GSE23489,GSM575514,GSM575514,GSM575515,GSM575516,GSM575517
2676	D.melanogaster 0-2hr embryo,SOLiD total RNA-seq	SRX015641
2677	D.melanogaster 2-4hr embryo,SOLiD total RNA-seq	SRX015642
2678	D.melanogaster 4-6hr embryo,SOLiD total RNA-seq	SRX015643
2679	D.melanogaster 6-8hr embryo,SOLiD total RNA-seq	SRX015644
2680	D.melanogaster 8-10hr embryo,SOLiD total RNA-seq	SRX015645
2681	D.melanogaster 10-12hr embryo,SOLiD total RNA-seq	SRX015646
2682	D.melanogaster 12-14hr embryo,SOLiD total RNA-seq	SRX015647
2683	D.melanogaster 14-16hr embryo,SOLiD total RNA-seq	SRX015648
2684	D.melanogaster 16-18hr embryo,SOLiD total RNA-seq	SRX015649
2685	D.melanogaster 18-20hr embryo,SOLiD total RNA-seq	SRX015650
2686	D.melanogaster 20-22hr embryo,SOLiD total RNA-seq	SRX015651
2687	D.melanogaster 22-24hr embryo,SOLiD total RNA-seq	SRX015652
2688	Splice Junction Annotation Embryo 0-2h	SRR023199,SRR023659,SRR023663,SRR023671,SRR023747,SRR023755,SRR024013,SRR027110
2689	Splice Junction Annotation Embryo 2-4h	SRR023502,SRR023660,SRR023705,SRR023722,SRR023745,SRR027112
2690	Splice Junction Annotation Embryo 4-6h	SRR023539,SRR023669,SRR023696,SRR023746,SRR023836,SRR024014,SRR035220
2691	Splice Junction Annotation Embryo 6-8h	SRR023504,SRR023654,SRR023668,SRR023688,SRR023691,SRR023732,SRR024009,SRR024217,SRR027113
2692	Splice Junction Annotation Embryo 8-10h	SRR023549,SRR023596,SRR023603,SRR023657,SRR023701,SRR023749,SRR023750,SRR023754,SRR023759,SRR024219
2693	Splice Junction Annotation Embryo 10-12h	SRR023604,SRR023644,SRR023694,SRR023727,SRR023831,SRR024010,SRR024221
2694	Splice Junction Annotation Embryo 12-14h	SRR023602,SRR023643,SRR023703,SRR023724,SRR023832,SRR024012,SRR035221
2695	Splice Junction Annotation Embryo 14-16h	SRR023540,SRR023641,SRR023725,SRR023734,SRR023736,SRR023822,SRR024011
2696	Splice Junction Annotation Embryo 16-18h	SRR023600,SRR023707,SRR023715,SRR023720,SRR023751,SRR023826
2697	Splice Junction Annotation Embryo 18-20h	SRR023503,SRR023599,SRR023673,SRR023682,SRR023686,SRR023699,SRR023700,SRR024215,SRR027114,SRR035222
2698	Splice Junction Annotation Embryo 20-22h	SRR023506,SRR023665,SRR023684,SRR023718,SRR023728,SRR027109
2699	Splice Junction Annotation Embryo 22-24h	SRR023538,SRR023685,SRR023711,SRR023733,SRR023834,SRR024015
2700	Splice Junction Annotation Larvae L1	SRR023597,SRR023646,SRR023661,SRR023666,SRR023706,SRR023835
2701	Splice Junction Annotation Larvae L2	SRR023542,SRR023670,SRR023719,SRR023761,SRR023824,SRR024016,SRR035223
2702	Splice Junction Annotation Larvae L3 12hr post-molt	SRR023507,SRR023649,SRR023677,SRR023731,SRR023760,SRR027111
2703	Splice Junction Annotation Larvae L3,dark blue gut PS1-2	SRR023546,SRR023608,SRR023638,SRR023640,SRR023697,SRR023726,SRR023758
2704	Splice Junction Annotation Larvae L3,light blue gut PS3-6	SRR023505,SRR023676,SRR023683,SRR023690,SRR023692,SRR023742,SRR027108
2705	Splice Junction Annotation Larvae L3,clear gut PS7-9	SRR023729,SRR023739,SRR023782,SRR023865,SRR026433,SRR035219
2706	Splice Junction Annotation White Prepupae	SRR023687,SRR023695,SRR023704,SRR023784,SRR023837,SRR026432,SRR035217
2707	Splice Junction Annotation White Prepupae,WPP + 12hr	SRR023544,SRR023639,SRR023647,SRR023689,SRR023716,SRR023833
2708	Splice Junction Annotation White Prepupae,WPP + 24hr	SRR023541,SRR023656,SRR023708,SRR023756,SRR023830
2709	Splice Junction Annotation Pupae,WPP + 2d	SRR023667,SRR023721,SRR023743,SRR023785,SRR023829,SRR026431
2710	Splice Junction Annotation Pupae,WPP + 3d	SRR023738,SRR023744,SRR023748,SRR023783,SRR024216,SRR026430,SRR035218
2711	Splice Junction Annotation Pupae,WPP + 4d	SRR023609,SRR023653,SRR023723,SRR023735,SRR023740,SRR023827
2712	Splice Junction Annotation Adult Female,eclosion + 1d	SRR023595,SRR023662,SRR023680,SRR023702,SRR023737,SRR023828,SRR024220
2713	Splice Junction Annotation Adult Male,eclosion + 1d	SRR023543,SRR023648,SRR023664,SRR023678,SRR023741,SRR023825
2714	Splice Junction Annotation Adult Female,eclosion + 5d	SRR023547,SRR023607,SRR023645,SRR023651,SRR023717,SRR023730,SRR029230,SRR029234
2715	Splice Junction Annotation Adult Male,eclosion + 5d	SRR023550,SRR023605,SRR023606,SRR023642,SRR023658,SRR023672,SRR023679,SRR023713,SRR029176,SRR029231,SRR029233,SRR029235
2716	Splice Junction Annotation Adult Female,eclosion + 30d	SRR023548,SRR023598,SRR023674,SRR023681,SRR023712,SRR023757,SRR029232,SRR029236
2717	Splice Junction Annotation Adult Male,eclosion + 30d	SRR023601,SRR023650,SRR023698,SRR023714,SRR023752,SRR023823,SRR024218
2719	Lai_ML-DmBG3-C2_BS179	GSE24306,GSM609225
2721	Lai_CMEW1_Cl_8	GSE24307,GSM609226,GSM609227
2722	Lai_S2-DRSC-BS11	GSE24308,GSM609228
2725	Lai_GSM361908_s2	GSM361908
2726	Histone_H3K4me1_N2_EEMB_(AB8895_H3K4ME1733246_N2_EEMB)	GSE22747,GSM562777,GSM562778
2729	LEM-2_N2_MXEMB_(SDQ3891_LEM2_N2_MXEMB)	GSE22750,GSM562783,GSM562784,GSM562785,GSM562786
2730	Day0_spe-9 Solexa Raw Data SOAP-aligned	GSM463029
2732	Day5_spe-9 Solexa Raw Data SOAP-aligned	GSM463026
2733	Day8_spe-9 Solexa Raw Data SOAP-aligned	GSM463030
2734	Day12_spe-9 Solexa Raw Data SOAP-aligned	GSM463028
2738	NPP-13_N2_MXEMB_(SDQ3897_NPP13_N2_MXEMB)	GSE22751,GSM562787,GSM562788,GSM562789
2739	Histone_H3K9me1_N2_EEMB_(AB8896_H3K9ME1104560_N2_EEMB)	GSE22752,GSM562790
2740	Histone_H3K27ac_N2_EEMB_(AB4729_H3K27AC361571_N2_EEMB)	GSE22753,GSM562791
2741	Dm Canton-S Embryo 12-24h smallRNA RNA-Seq	GSM364902
2742	Lai_embryo_14-24hr_Bs61-64-67-73	GSE24309,GSM609229
2743	Lai_embryo_2-6hr_BS43-46	GSE24539,GSM609238
2744	Lai_CantonS_ovary_Ago1IP	GSE24310,GSM609230
2745	UTRome_V2_3UTRs_multiple_evidences	GSM446652
2746	Lai_Ago2-414_ovary_Ago1IP	GSE24311,GSM609231
2749	Lai_r2d2_ovary_Ago1IP	GSE24313,GSM609233
2751	Lai_CantonS_male	GSE24314,GSM609234
2753	Orc2 S2 ChIP-Seq	GSE20887,GSM522353,GSM522353,GSM522354,GSM522355
2754	Orc2 BG3 ChIP-Seq	GSE20888,GSM522356,GSM522356,GSM522357,GSM522358
2755	Orc2 KC ChIP-Seq	GSE20889,GSM522359,GSM522359,GSM522360,GSM522361
2756	Kc_600_mM_Salt_Extracted_Chromatin	GSE25385,GSM624881,GSM624881,GSM624882
2757	Kc_600_mM_Salt_Extracted_Chromatin_Pellet	GSE25386,GSM624883,GSM624883,GSM624884
2758	Kc_RNA_Expression_Tiling_Array	GSE25387,GSM624885,GSM624885,GSM624886
2759	Kc_H2Av_Knockdown_600_mM_Salt_Extracted_Chromatin	GSE25388,GSM624887,GSM624887,GSM624888
2760	Kc_H2Av_Knockdown_600_mM_Salt_Extracted_Chromatin_Pellet	GSE25389,GSM624889,GSM624889,GSM624890
2761	Kc_H2Av_Knockdown_RNA_Expression_Tiling_Array	GSE25390,GSM624891,GSM624891,GSM624892
2762	N2_Worm_Embryo_mRNA_Expression	GSE25391,GSM624893,GSM624893,GSM624894
2763	Mononucleosomes_N2_MXEMB	GSE20136
2764	Mononucleosomes_JK1107_AD	GSE20136
2765	Histone_H3K20me1_N2_EEMB_(AB9051_H4K20ME1104513_N2_EEMB)	GSE22754,GSM562792,GSM562793
2766	Histone_H4_Tetra_ac_N2_EEMB_(LPAR109_H4TETRAAC109_N2_EEMB)	GSE22755,GSM562794,GSM562795
2767	CBP-1_N2_MXEMB_(SDQ3582_CBP1_N2_MXEMB)	GSE22756,GSM562796,GSM562797,GSM562798,GSM562799
2768	Histone_H4_N2_L3_(MP05858_H4DAM1636076_N2_L3)	GSE25352,GSM624426,GSM624426,GSM624427
2769	S2_RNA_Expression_Tiling_Array	GSE25392,GSM624895,GSM624895,GSM624896,GSM624897
2770	Histone_H3K9me1_N2_L3_(AB9045_H3K9ME1291918_N2_L3)	GSE25353,GSM624428,GSM624428,GSM624429
2771	Histone_H3K27ac_N2_L3_(AB4729_H3K27AC361571_N2_L3)	GSE25354,GSM624430,GSM624430,GSM624431
2773	Histone_H3K27ac_N2_L3_(WA30634849_H3K27AC_N2_L3)	GSE25355,GSM624432,GSM624432,GSM624433
2774	Histone_H4K8ac_N2_L3_(AB15823_H4K8AC487128_N2_L3)	GSE25356,GSM624434,GSM624434,GSM624435
2775	Histone_H3K4me1_N2_L3_(AB8895_H3K4ME1733246_N2_L3)	GSE25357,GSM624436,GSM624436,GSM624437
2776	Embryo_miRNA_expression_change	GSM336052
2777	mid-L1_miRNA_expression_change	GSM336055
2778	mid-L2_miRNA_expression_change	GSM336056
2779	mid-L3_miRNA_expression_change	GSM336058
2780	mid-L4_miRNA_expression_change	GSM336059
2781	young-adult_miRNA_expression_change	GSM336060
2782	male-yAd_miRNA_expression_change	GSM336086
2783	MCM KC ChIP-Seq	GSE20890,GSM522362,GSM522362,GSM522363,GSM522364
2784	Histone_H4K20me1_N2_L3_(AB9051_H4K20ME1104513_N2_L3)	GSE25358,GSM624438,GSM624438,GSM624439
2785	Day0_spe-9_23dC_miRNA_expression_change	GSM463029
2786	Day5_spe-9_23dC_miRNA_expression_change	GSM463026
2787	Day8_spe-9_23dC_miRNA_expression_change	GSM463030
2788	Day12_spe-9_23dC_miRNA_expression_change	GSM463028
2820	Lai_CMEL1_BS28	GSE24315,GSM609235
2821	small RNA Illumina sequencing of eri-1(mg366)	GSM510086
2822	small RNA Illumina sequencing of glp-4(bn2)	GSM510087
2823	small RNA Illumina sequencing of him-8 sperm	GSM510089
2825	small RNA Illumina sequencing of N2 whole worms	GSM510088
2826	small RNA Illumina sequencing of N2 embryos	GSM510085
2827	small RNA 454 sequencing of eri-1(mg366)	GSM509929
2828	small RNA 454 sequencing of glp-4(bn2)	GSM509930
2829	small RNA 454 sequencing of him-8 sperm	GSM509932
2830	small RNA Illumina sequencing of fer-1 unfertilized oocytes	GSM510090
2831	small RNA 454 sequencing of N2 young adults	GSM509931
2832	small RNA 454 sequencing of fer-1 unfertilized oocytes	GSM509933
2833	Lai_Dcr-2_L811fsX_ovary_Ago1IP	GSE24316,GSM609236
2835	RNAseq - Adult spe-9 23dC 8days post-L4 molt genelets revised	SRX008136
2836	RNAseq - Young Adult 25dC 46hrs post-L1 genelets revised	SRX001873
2837	RNAseq - dauer daf-2 25dC 91hrs post-L1 genelets revised	SRX008138
2838	RNAseq - dauer entry daf-2 25dC 48hrs post-L1 genelets revised	SRX008139
2839	RNAseq - dauer exit daf-2 25dC 91hrs 15dC 12hrs post-L1 genelets revised	SRX008140
2840	RNAseq - early embryo genelets revised	SRX004863,SRX004864
2841	RNAseq - embryo him-8 20dC post-L1 genelets revised	SRX011569
2842	RNAseq - late embryo 20dC 4.5hrs post-early embryo genelets revised	SRX004865,SRX004866
2843	RNAseq - lin-35(n745) mid-L1 25dC 4.0hrs post-L1 genelets revised	SRX004869
2844	RNAseq - male mid-L4 dpy28(y1);him-8(e1489) 25dC 30hrs post-L1 genelets revised	SRX004868
2845	RNAseq - mid-L1 20dC 4hrs post-L1 genelets revised	SRX004867
2846	RNAseq - mid-L2 25dC 14hrs post-L1 genelets revised	SRX001872
2847	RNAseq - mid-L3 25dC 25hrs post-L1 genelets revised	SRX001875
2848	RNAseq - mid-L4 25dC 36hrs post-L1 genelets revised	SRX001874
2866	100222 Dev Timecourse Adult Female Eclosure+1d RNA-Seq multimapped reads	SRR023595,SRR023662,SRR023680,SRR023702,SRR023737,SRR023828,SRR024220,SRR035393
2867	100222 Dev Timecourse Adult Female Eclosure+30d RNA-Seq multimapped reads	SRR023548,SRR023598,SRR023674,SRR023681,SRR023712,SRR023757,SRR029232,SRR029236
2868	100222 Dev Timecourse Adult Female Eclosure+5d RNA-Seq multimapped reads	SRR023547,SRR023607,SRR023645,SRR023651,SRR023717,SRR023730,SRR029230,SRR029234
2869	100222 Dev Timecourse Adult Male Eclosure+1d RNA-Seq multimapped reads	SRR023543,SRR023648,SRR023664,SRR023678,SRR023741,SRR023825,SRR035394
2870	100222 Dev Timecourse Adult Male Eclosure+30d RNA-Seq multimapped reads	SRR023601,SRR023650,SRR023698,SRR023714,SRR023752,SRR023823,SRR024218,SRR035395
2871	100222 Dev Timecourse Adult Male Eclosure+5d RNA-Seq multimapped reads	SRR023550,SRR023605,SRR023606,SRR023642,SRR023658,SRR023672,SRR023679,SRR023713,SRR029176,SRR029231,SRR029233,SRR029235
2872	100222 Dev Timecourse Larvae L1 RNA-Seq multimapped reads	SRR023597,SRR023646,SRR023661,SRR023666,SRR023706,SRR023835,SRR035410
2873	100222 Dev Timecourse Larvae L2 RNA-Seq multimapped reads	SRR023542,SRR023670,SRR023719,SRR023761,SRR023824,SRR024016,SRR035223,SRR035411,SRR035412
2874	100222 Dev Timecourse Larvae L3 + 12hr RNA-Seq multimapped reads	SRR023507,SRR023649,SRR023677,SRR023731,SRR023760,SRR027111
2875	100222 Dev Timecourse Larvae L3 PS1-2 RNA-Seq multimapped reads	SRR023546,SRR023608,SRR023638,SRR023640,SRR023697,SRR023726,SRR023758,SRR035413
2876	100222 Dev Timecourse Larvae L3 PS3-6 RNA-Seq multimapped reads	SRR023505,SRR023676,SRR023683,SRR023690,SRR023692,SRR023742,SRR027108
2877	100222 Dev Timecourse Larvae L3 PS7-9 RNA-Seq multimapped reads	SRR023729,SRR023739,SRR023782,SRR023865,SRR026433,SRR035219,SRR035392
2878	100222 Dev Timecourse White Pre-pupae RNA-Seq multimapped reads	SRR023687,SRR023695,SRR023704,SRR023784,SRR023837,SRR026432,SRR035217
2879	100222 Dev Timecourse White Pre-pupae + 12hr RNA-Seq multimapped reads	SRR023544,SRR023639,SRR023647,SRR023689,SRR023716,SRR023833,SRR035414
2880	100222 Dev Timecourse White Pre-pupae + 24hr RNA-Seq multimapped reads	SRR023541,SRR023656,SRR023708,SRR023756,SRR023830,SRR035415
2881	100222 Dev Timecourse White Pre-pupae + 2days RNA-Seq multimapped reads	SRR023667,SRR023721,SRR023743,SRR023785,SRR023829,SRR026431
2882	100222 Dev Timecourse White Pre-pupae + 3days RNA-Seq multimapped reads	SRR023738,SRR023744,SRR023748,SRR023783,SRR024216,SRR026430,SRR035218,SRR035391
2883	100222 Dev Timecourse White Pre-pupae + 4days RNA-Seq multimapped reads	SRR023609,SRR023653,SRR023723,SRR023735,SRR023740,SRR023827,SRR035416
2884	100222 Dev Timecourse Embryo 0-2h RNA-Seq multimapped reads	SRR023199,SRR023659,SRR023663,SRR023671,SRR023747,SRR023755,SRR024013,SRR027110,SRR035417,SRR035418
2885	100222 Dev Timecourse Embryo 2-4h RNA-Seq multimapped reads	SRR023502,SRR023660,SRR023705,SRR023722,SRR023745,SRR027112
2886	100222 Dev Timecourse Embryo 4-6h RNA-Seq multimapped reads	SRR023539,SRR023669,SRR023696,SRR023746,SRR023836,SRR024014,SRR035220,SRR035405,SRR035406
2887	100222 Dev Timecourse Embryo 6-8h RNA-Seq multimapped reads	SRR023504,SRR023654,SRR023668,SRR023688,SRR023691,SRR023732,SRR024009,SRR024217,SRR027113,SRR035407,SRR035408
2888	100222 Dev Timecourse Embryo 8-10h RNA-Seq multimapped reads	SRR023549,SRR023596,SRR023603,SRR023657,SRR023701,SRR023749,SRR023750,SRR023754,SRR023759,SRR024219,SRR035409
2889	100222 Dev Timecourse Embryo 10-12h RNA-Seq multimapped reads	SRR023604,SRR023644,SRR023694,SRR023727,SRR023831,SRR024010,SRR024221,SRR035396,SRR035397
2890	100222 Dev Timecourse Embryo 12-14h RNA-Seq multimapped reads	SRR023602,SRR023643,SRR023703,SRR023724,SRR023832,SRR024012,SRR035221,SRR035398,SRR035399
2891	100222 Dev Timecourse Embryo 14-16h RNA-Seq multimapped reads	SRR023540,SRR023641,SRR023725,SRR023734,SRR023736,SRR023822,SRR024011,SRR035400,SRR035401
2892	100222 Dev Timecourse Embryo 16-18h RNA-Seq multimapped reads	SRR023600,SRR023707,SRR023715,SRR023720,SRR023751,SRR023826,SRR035402
2893	100222 Dev Timecourse Embryo 18-20h RNA-Seq multimapped reads	SRR023503,SRR023599,SRR023673,SRR023682,SRR023686,SRR023699,SRR023700,SRR024215,SRR027114,SRR035222,SRR035403
2894	100222 Dev Timecourse Embryo 20-22h RNA-Seq multimapped reads	SRR023506,SRR023665,SRR023684,SRR023718,SRR023728,SRR027109
2895	100222 Dev Timecourse Embryo 22-24h RNA-Seq multimapped reads	SRR023538,SRR023685,SRR023711,SRR023733,SRR023834,SRR024015,SRR035404
2896	Dm_y[1]cn[1] bw[1] sp[1]_adult_Female_30dayPostEclosion_TotalRNA_p200_398-400-402_38bp	GSE23234,GSM571134,GSM571134,GSM571135,GSM571136
2897	Dm_y[1]cn[1] bw[1] sp[1]_adult_Male_30dayPostEclosion_TotalRNA_p200_392-394-396_38bp	GSE23235,GSM571137,GSM571137,GSM571138,GSM571139
2898	Dev Timecourse Embryo 0-2h RNA-Seq uniquely mapped reads	SRR023199,SRR023659,SRR023663,SRR023671,SRR023747,SRR023755,SRR024013,SRR027110,SRR035417,SRR035418
2899	Dev Timecourse Embryo 2-4h RNA-Seq uniquely mapped reads	SRR023502,SRR023660,SRR023705,SRR023722,SRR023745,SRR027112
2900	Dev Timecourse Embryo 4-6h RNA-Seq uniquely mapped reads	SRR023539,SRR023669,SRR023696,SRR023746,SRR023836,SRR024014,SRR035220,SRR035405,SRR035406
2901	Dev Timecourse Embryo 6-8h RNA-Seq uniquely mapped reads	SRR023504,SRR023654,SRR023668,SRR023688,SRR023691,SRR023732,SRR024009,SRR024217,SRR027113,SRR035407,SRR035408
2902	Dev Timecourse Embryo 8-10h RNA-Seq uniquely mapped reads	SRR023549,SRR023596,SRR023603,SRR023657,SRR023701,SRR023749,SRR023750,SRR023754,SRR023759,SRR024219,SRR035409
2903	Dev Timecourse Embryo 10-12h RNA-Seq uniquely mapped reads	SRR023604,SRR023644,SRR023694,SRR023727,SRR023831,SRR024010,SRR024221,SRR035396,SRR035397
2904	Dev Timecourse Embryo 12-14h RNA-Seq uniquely mapped reads	SRR023602,SRR023643,SRR023703,SRR023724,SRR023832,SRR024012,SRR035221,SRR035398,SRR035399
2905	Dev Timecourse Embryo 14-16h RNA-Seq uniquely mapped reads	SRR023540,SRR023641,SRR023725,SRR023734,SRR023736,SRR023822,SRR024011,SRR035400,SRR035401
2906	Dev Timecourse Embryo 16-18h RNA-Seq uniquely mapped reads	SRR023600,SRR023707,SRR023715,SRR023720,SRR023751,SRR023826,SRR035402
2907	Dev Timecourse Embryo 18-20h RNA-Seq uniquely mapped reads	SRR023503,SRR023599,SRR023673,SRR023682,SRR023686,SRR023699,SRR023700,SRR024215,SRR027114,SRR035222,SRR035403
2908	Dev Timecourse Embryo 20-22h RNA-Seq uniquely mapped reads	SRR023506,SRR023665,SRR023684,SRR023718,SRR023728,SRR027109
2909	Dev Timecourse Embryo 22-24h RNA-Seq uniquely mapped reads	SRR023538,SRR023685,SRR023711,SRR023733,SRR023834,SRR024015,SRR035404
2910	Dev Timecourse Larvae L2 RNA-Seq uniquely mapped reads	SRR023542,SRR023670,SRR023719,SRR023761,SRR023824,SRR024016,SRR035223,SRR035411,SRR035412
2911	Dev Timecourse Larvae L3 + 12hr RNA-Seq uniquely mapped reads	SRR023507,SRR023649,SRR023677,SRR023731,SRR023760,SRR027111
2912	Dev Timecourse Larvae L3 PS7-9 RNA-Seq uniquely mapped reads	SRR023729,SRR023739,SRR023782,SRR023865,SRR026433,SRR035219,SRR035392
2913	Dev Timecourse Adult Female Eclosure+1d RNA-Seq uniquely mapped reads	SRR023595,SRR023662,SRR023680,SRR023702,SRR023737,SRR023828,SRR024220,SRR035393
2914	Dev Timecourse Adult Female Eclosure+30d RNA-Seq uniquely mapped reads	SRR023548,SRR023598,SRR023674,SRR023681,SRR023712,SRR023757,SRR029232,SRR029236
2915	Dev Timecourse Adult Female Eclosure+5d RNA-Seq uniquely mapped reads	SRR023547,SRR023607,SRR023645,SRR023651,SRR023717,SRR023730,SRR029230,SRR029234
2916	Dev Timecourse Adult Male Eclosure+1d RNA-Seq uniquely mapped reads	SRR023543,SRR023648,SRR023664,SRR023678,SRR023741,SRR023825,SRR035394
2917	Dev Timecourse Adult Male Eclosure+30d RNA-Seq uniquely mapped reads	SRR023601,SRR023650,SRR023698,SRR023714,SRR023752,SRR023823,SRR024218,SRR035395
2918	Dev Timecourse Adult Male Eclosure+5d RNA-Seq uniquely mapped reads	SRR023550,SRR023605,SRR023606,SRR023642,SRR023658,SRR023672,SRR023679,SRR023713,SRR029176,SRR029231,SRR029233,SRR029235
2919	Dev Timecourse Larvae L1 RNA-Seq uniquely mapped reads	SRR023597,SRR023646,SRR023661,SRR023666,SRR023706,SRR023835,SRR035410
2920	Dev Timecourse Larvae L3 PS1-2 RNA-Seq uniquely mapped reads	SRR023546,SRR023608,SRR023638,SRR023640,SRR023697,SRR023726,SRR023758,SRR035413
2921	Dev Timecourse Larvae L3 PS3-6 RNA-Seq uniquely mapped reads	SRR023505,SRR023676,SRR023683,SRR023690,SRR023692,SRR023742,SRR027108
2922	Dev Timecourse White Pre-pupae + 12hr RNA-Seq uniquely mapped reads	SRR023544,SRR023639,SRR023647,SRR023689,SRR023716,SRR023833,SRR035414
2923	Dev Timecourse White Pre-pupae + 24hr RNA-Seq uniquely mapped reads	SRR023541,SRR023656,SRR023708,SRR023756,SRR023830,SRR035415
2924	Dev Timecourse White Pre-pupae + 2days RNA-Seq uniquely mapped reads	SRR023667,SRR023721,SRR023743,SRR023785,SRR023829,SRR026431
2925	Dev Timecourse White Pre-pupae + 3days RNA-Seq uniquely mapped reads	SRR023738,SRR023744,SRR023748,SRR023783,SRR024216,SRR026430,SRR035218,SRR035391
2926	Dev Timecourse White Pre-pupae + 4days RNA-Seq uniquely mapped reads	SRR023609,SRR023653,SRR023723,SRR023735,SRR023740,SRR023827,SRR035416
2927	Dev Timecourse White Pre-pupae RNA-Seq uniquely mapped reads	SRR023687,SRR023695,SRR023704,SRR023784,SRR023837,SRR026432,SRR035217
2928	Mixed Embryo RNA-Seq multimapped reads	SRR034309
2947	RNAseq - Adult spe-9 23dC 8days post-L4 molt genelets revised 100320	SRX008136
2948	RNAseq - dauer daf-2 25dC 91hrs post-L1 genelets revised 100320	SRX008138
2949	RNAseq - dauer entry daf-2 25dC 48hrs post-L1 genelets revised 100320	SRX008139
2950	RNAseq - dauer exit daf-2 25dC 91hrs 15dC 12hrs post-L1 genelets revised 100320	SRX008140
2951	RNAseq - early embryo genelets revised 100320	SRX004863,SRX004864
2952	RNAseq - embryo him-8 20dC post-L1 genelets revised 100320	SRX011569
2954	RNAseq - lin-35(n745) mid-L1 25dC 4.0hrs post-L1 genelets revised 100320	SRX004869
2955	RNAseq - mid-L1 20dC 4hrs post-L1 genelets revised 100320	SRX004867
2956	RNAseq - mid-L2 25dC 17.75hrs post-L1 genelets revised 100320	SRX001872
2959	RNAseq - male mid-L4 dpy28(y1);him-8(e1489) 25dC 30hrs post-L1 genelets revised 100320	SRX004868
2960	RNAseq - Young Adult 25dC 46hrs post-L1 genelets revised 100320	SRX001873
2961	RNAseq - Adult Harposporium control EcoliOP50 exposed 2 24hrs genelets revised 100320	SRX014007,SRX014007
2962	RNAseq - Adult Harposporium exposed 2 24hrs genelets revised 100320	SRX014006
2963	RNAseq - Adult S macescens Db10 control EcoliOP50_exposed 1 24hrs genelets revised 100320	SRX014009
2964	RNAseq - Adult S macescens Db10 exposed 1 24hrs genelets revised 100320	SRX014008
2965	RNAseq - L4 soma JK1107 no DNaseI genelets revised 100320	SRX014010
2971	Lai_CantonS_Embryo_Non-irradiated	GSE24540,GSE24540,GSM609239
2972	Lai_CantonS_Embryo_Irradiated	GSE24541,GSE24541,GSM609240
2973	Lai_S2_Rubin_Ecdysone	GSE24542,GSE24542,GSM609241,GSM609242
2974	Lai_Kc_Rubin_Ecdysone	GSE24543,GSE24543,GSM609243,GSM609244
2975	Lai_Dcr-2_L811fsX_ovary	GSE24544,GSE24544,GSM609245
2976	Lai_CantonS_ovary	GSE24545,GSE24545,GSM609246
2980	D. pseudoobscura female heads mRNA-seq revised	GSM499403
2984	ASH1 Q4177.S2	GSE25361,GSM624628,GSM624628,GSM624629,GSM624630,GSM624631
3008	H3K9acS10P (new abcam lot).D.mel 3rd Instar Larvae Nuclei	GSE25362,GSM624632,GSM624632,GSM624633,GSM624634,GSM624635
3009	H3K9acS10P (new abcam lot).Kc	GSE25363,GSM624636,GSM624636,GSM624637,GSM624638,GSM624639
3010	H3K9acS10P (new lot).Clone_8	GSE25364,GSM624640,GSM624640,GSM624641,GSM624642,GSM624643
3045	MRG15_Q2481.BG3	GSE25365,GSM624644,GSM624644,GSM624645,GSM624646,GSM624647
3046	MRG15_Q2481.Kc	GSE25366,GSM624648,GSM624648,GSM624649,GSM624650,GSM624651
3047	MRG15_Q2481.S2	GSE25367,GSM624652,GSM624652,GSM624653,GSM624654,GSM624655
3050	PIWI-Q2569.Clone_8	GSE25368,GSM624656,GSM624656,GSM624657,GSM624658,GSM624659
3051	PIWI-Q2569.D.mel 3rd Instar Larvae Nuclei	GSE25369,GSM624660,GSM624660,GSM624661,GSM624662,GSM624663
3055	Psc.BG3	GSE25370,GSM624664,GSM624664,GSM624665,GSM624666,GSM624667
3056	Psc.S2	GSE25371,GSM624668,GSM624668,GSM624669,GSM624670,GSM624671
3058	SPT16_Q2583.S2	GSE25372,GSM624672,GSM624672,GSM624673,GSM624674,GSM624675
3064	ZW5.BG3	GSE25373,GSM624676,GSM624676,GSM624677,GSM624678,GSM624679
3083	D. melanogaster female heads mRNA-seq	GSM515636
3084	D. melanogaster male heads mRNA-seq	GSM515637
3085	D. pseudoobscura male heads mRNA-seq revised	GSM499404
3086	D. mojavensis male heads mRNA-seq	GSM522268
3087	D. mojavensis female heads mRNA-seq	GSM522266
3170	H3K36me1.S2	GSE25374,GSM624680,GSM624680,GSM624681,GSM624682,GSM624683
3172	embryo_0hr_reference_tiling_array	GSE25350,GSM624418,GSM624418,GSM624419,GSM624420
3173	embryo_AVE_neurons_tiling_array	GSE25351,GSM624421,GSM624421,GSM624422,GSM624423
3190	Lai_Female_Head_HeatShocked_V007	GSE24604,GSM609247,GSM609247
3192	Lai_MLDmD9_V029	GSE24605,GSM609248,GSM609248
3193	Lai_MLDmD21_V027	GSE24606,GSM609249,GSM609249
3194	Lai_MLDmD32_V035	GSE24607,GSM609250,GSM609250
3195	Lai_Female_Head_Aged_V013	GSE24608,GSM609251,GSM609251
3248	Dm_y[1]cn[1] bw[1] sp[1]_embryo_4-6h_TotalRNA_p200_224-226-228_7bp	GSE25347,GSM624330,GSM624330,GSM624331,GSM624332,GSM624333,GSM624334,GSM624335,GSM624336,GSM624337,GSM624338,GSM624339,GSM624340,GSM624341,GSM624342,GSM624343,GSM624344
3250	Dm_y[1]cn[1] bw[1] sp[1]_embryo_4-6h_Poly-Ap_p200_409-410-411_7bp	GSE25348,GSM624345,GSM624345,GSM624346,GSM624347,GSM624348,GSM624349,GSM624350,GSM624351,GSM624352,GSM624353,GSM624354,GSM624355,GSM624356,GSM624357,GSM624358,GSM624359
3326	Untreated_Control_Day1_wt	GSM632210,SRR077254
3327	Heatshock_Day1_wt_32dC6hrs smallRNA-seq	GSM632211,SRR077255
3328	PA14_Day1_wt_12hrs	GSM632212,SRR077256
3329	L1_arrest_wt_48hrs	GSM632213,SRR077257
